title_id,cast
756633-i-feel-you-linger-in-the-air-uncut-version,Nonkul Chanon Santinatornkul
756633-i-feel-you-linger-in-the-air-uncut-version,Bright Rapheephong Thapsuwan
756633-i-feel-you-linger-in-the-air-uncut-version,Typhoon Kanokchat Munyadon
756633-i-feel-you-linger-in-the-air-uncut-version,June Teeratee Buddeehong
756633-i-feel-you-linger-in-the-air-uncut-version,Alee Auttharinya Uengsilpsrikul
756633-i-feel-you-linger-in-the-air-uncut-version,Guide Kantapon Chompupan
729833-thai-cave-rescue,Beam Papangkorn Lerkchaleampote
729833-thai-cave-rescue,Tiger Prachya Phathong
729833-thai-cave-rescue,Pangpond Songphon Kanthawong
729833-thai-cave-rescue,Fluke Rattapoom Nakeesathid
729833-thai-cave-rescue,Bank Thanawut Chetuku
729833-thai-cave-rescue,Pluem Thanaphong Kanthawong
24685-project-s-the-series-skate-our-souls,James Teeradon Supapunpinyo
24685-project-s-the-series-skate-our-souls,Pat Chayanit Chansangavej
24685-project-s-the-series-skate-our-souls,Toni Rakkaen
24685-project-s-the-series-skate-our-souls,Praew Narupornkamol Chaisang
24685-project-s-the-series-skate-our-souls,Tom Phollawat Manuprasert
24685-project-s-the-series-skate-our-souls,Jasper Dohrs
23472-bpoop-phaeh-saniwaat,Bella Ranee Campen
23472-bpoop-phaeh-saniwaat,Pope Thanavat Vatthanaputi
23472-bpoop-phaeh-saniwaat,Punjan Prama Imanothai
23472-bpoop-phaeh-saniwaat,Prang Kannarun Wongkajornklai
23472-bpoop-phaeh-saniwaat,Susi Susira Angelina Naenna
23472-bpoop-phaeh-saniwaat,Louis Scott
27367-the-gifted,Nanon Korapat Kirdpan
27367-the-gifted,Chimon Wachirawit Ruangwiwat
27367-the-gifted,Lilly Nichapalak Thongkham
27367-the-gifted,Jane Ramida Jiranorraphat
27367-the-gifted,Gun Atthaphan Phunsawat
27367-the-gifted,Sing Harit Cheewagaroon
30294-luead-khon-kon-jang,Nappon Gomarachun
30294-luead-khon-kon-jang,Patravadi Mejudhon
30294-luead-khon-kon-jang,Kob Songsit Rungnopakunsi
30294-luead-khon-kon-jang,Saksit Tangthong
30294-luead-khon-kon-jang,Mam Kathaleeya McIntosh
30294-luead-khon-kon-jang,Jeab Sopitnapa Chumpanee
743905-enigma,Win Metawin Opas-iamkajorn
743905-enigma,Prim Chanikarn Tangkabodee
743905-enigma,Piploy Kanyarat Ruangrung
743905-enigma,Prigkhing Sureeyares Yakares
743905-enigma,Earn Preeyaphat Lawsuwansiri
743905-enigma,Tammy Manatsanan Wanichsataporn
749823-the-sign,Billy Patchanon Ounsa-ard
749823-the-sign,Babe Tanatat  Phanviriyakool
749823-the-sign,Tack Phongsakorn Sukiang
749823-the-sign,Poom Nuttapart Tuntistinchai
749823-the-sign,Gap Jakarin Puribhat
749823-the-sign,Surprise Pittikorn Siripornsawan
682595-not-me,Gun Atthaphan Phunsawat
682595-not-me,Off Jumpol Adulkittiporn
682595-not-me,Mond Tanutchai Wijitvongtong
682595-not-me,First Kanaphan Puitrakul
682595-not-me,Papang Phromphiriya Thongputtaruk
682595-not-me,Fluke Gawin Caskey
49745-a-tale-of-a-thousand-stars,Mix Sahaphap Wongratch
49745-a-tale-of-a-thousand-stars,Earth Pirapat Watthanasetsiri
49745-a-tale-of-a-thousand-stars,Aye Sarunchana Apisamaimongkol
49745-a-tale-of-a-thousand-stars,Nammon Krittanai Asanprakit
49745-a-tale-of-a-thousand-stars,Khaotung Thanawat Ratanakitpaisan
49745-a-tale-of-a-thousand-stars,White Nawat Phumphothingam
743923-last-twilight,Jimmy Jitaraphol Potiwihok
743923-last-twilight,Sea Tawinan Anukoolprasert
743923-last-twilight,Mark Pakin Kunaanuwit
743923-last-twilight,Namtan Tipnaree Weerawatnodom
743923-last-twilight,Film Rachanun Mahawan
743923-last-twilight,Ohm Thipakorn Thitathan
30290-girl-from-no-where-the-series,Kitty Chicha Amatayakul
30290-girl-from-no-where-the-series,Gap Thanavate Siriwattanakul
30290-girl-from-no-where-the-series,Yaimai Shinaradee Anupongpichart
30290-girl-from-no-where-the-series,Porpor Palita Kitiyodom
30290-girl-from-no-where-the-series,Neko Naerunchara Lertprasert
30290-girl-from-no-where-the-series,Up Poompat Iam-samang
33049-bad-genius-the-series,June Plearnpichaya Komalarajun
33049-bad-genius-the-series,Jaonaay Jinjett Wattanasin
33049-bad-genius-the-series,Ice Paris Intarakomalyasut
33049-bad-genius-the-series,Nana Sawanya Paisarnpayak
33049-bad-genius-the-series,Saksit Tangthong
33049-bad-genius-the-series,Um Apasiri Nitibhon
715931-my-school-president,Gemini Norawit Titicharoenrak
715931-my-school-president,Fourth Nattawat Jirochtikul
715931-my-school-president,Winny Thanawin Pholcharoenrat
715931-my-school-president,Satang Kittiphop Sereevichayasawat
715931-my-school-president,Ford Allan Asawasuebsakul
715931-my-school-president,Prom Theepakon Kwanboon
709801-matalada,Toey Jarinporn Joonkiat
709801-matalada,James Jirayu Tangsrisuk
709801-matalada,Amanda Chalisa Obdam
709801-matalada,Ryu Vachirawich Watthanaphakdeephaisan
709801-matalada,Pompam Niti Chaichitathorn
709801-matalada,Chai Chatayodom Hiranyatithi
27368-happy-birthday,Push Puttichai Kasetsin
27368-happy-birthday,Mild Lapassalan Jiravechsoontornkul
27368-happy-birthday,Pluem Purim Rattanaruangwattana
27368-happy-birthday,Jan Ployshompoo Supasap
27368-happy-birthday,Noom Santisuk Promsiri
27368-happy-birthday,Namfon Sueangsuda Lawanprasert
50007-boys-over-flowers,Tu Tontawan Tantivejakul
50007-boys-over-flowers,Bright Vachirawit Chivaaree
50007-boys-over-flowers,Dew Jirawat Sutivanichsak
50007-boys-over-flowers,Win Metawin Opas-iamkajorn
50007-boys-over-flowers,Nani Hirunkit Changkham
50007-boys-over-flowers,Prim Chanikarn Tangkabodee
13865-kleun-cheewit,Mark Prin Suparat
13865-kleun-cheewit,Yaya Urassaya Sperbund
13865-kleun-cheewit,Louis Scott
13865-kleun-cheewit,Toey Jarinporn Joonkiat
13865-kleun-cheewit,Nychaa Nuttanicha Dungwattanawanich
13865-kleun-cheewit,Masu Junyangdikul
24193-project-s-the-series-side-by-side,Tor Thanapob Leeratanakachorn
24193-project-s-the-series-side-by-side,Sky Wongravee Nateetorn
24193-project-s-the-series-side-by-side,Suquan Bulakul
24193-project-s-the-series-side-by-side,Ple Hattaya Wongkrachang
24193-project-s-the-series-side-by-side,Belle Kemisara Paladesh
24193-project-s-the-series-side-by-side,Ping Guntapat Kasemsan Na Ayudhya
682589-bad-buddy,Nanon Korapat Kirdpan
682589-bad-buddy,Ohm Pawat Chittsawangdee
682589-bad-buddy,Love Pattranite Limpatiyakorn
682589-bad-buddy,Milk Pansa Vosbein
682589-bad-buddy,Jimmy Jitaraphol Potiwihok
682589-bad-buddy,Drake Sattabut Laedeke
711999-i-feel-you-linger-in-the-air,Nonkul Chanon Santinatornkul
711999-i-feel-you-linger-in-the-air,Bright Rapheephong Thapsuwan
711999-i-feel-you-linger-in-the-air,Typhoon Kanokchat Munyadon
711999-i-feel-you-linger-in-the-air,June Teeratee Buddeehong
711999-i-feel-you-linger-in-the-air,Alee Auttharinya Uengsilpsrikul
711999-i-feel-you-linger-in-the-air,Guide Kantapon Chompupan
71555-siadai-2020,Kitty Chicha Amatayakul
71555-siadai-2020,Pat Chayanit Chansangavej
71555-siadai-2020,Praew Praewpannarai Sansanapitayakorn
71555-siadai-2020,Ploy Ploynarin Sornarin
71555-siadai-2020,Fluke Natouch Siripongthon
71555-siadai-2020,Shin Shindanai Kanoksrithawon
9828-full-house,Aom Sushar Manaying
9828-full-house,Mike Angelo
9828-full-house,Utt Uttsada Panichkul
9828-full-house,Janesuda Parnto
9828-full-house,Nest Nisachol Siwthaisong
9828-full-house,Deaw Chotpipat Suttijun
715909-p-s-i-hate-you,Pearwah Nichaphat Chatchaipholrat
715909-p-s-i-hate-you,Jan Ployshompoo Supasap
715909-p-s-i-hate-you,Pat Chayanit Chansangavej
715909-p-s-i-hate-you,Fah Yongwaree Anilbol
715909-p-s-i-hate-you,Aye Sarunchana Apisamaimongkol
715909-p-s-i-hate-you,Jamie Juthapich Indrajundra
715923-the-warp-effect,New Thitipoom Techa-apaikhun
715923-the-warp-effect,Fah Yongwaree Anilbol
715923-the-warp-effect,Sing Harit Cheewagaroon
715923-the-warp-effect,Jan Ployshompoo Supasap
715923-the-warp-effect,Gigie Chanunphat Kamolkiriluck
715923-the-warp-effect,Ciize Rutricha Phapakithi
715901-moonlight-chicken,Earth Pirapat Watthanasetsiri
715901-moonlight-chicken,Mix Sahaphap Wongratch
715901-moonlight-chicken,Khaotung Thanawat Ratanakitpaisan
715901-moonlight-chicken,First Kanaphan Puitrakul
715901-moonlight-chicken,Gemini Norawit Titicharoenrak
715901-moonlight-chicken,Fourth Nattawat Jirochtikul
49763-who-are-you,Namtan Tipnaree Weerawatnodom
49763-who-are-you,Krist Perawat Sangpotirat
49763-who-are-you,Kay Lertsittichai
49763-who-are-you,Jan Ployshompoo Supasap
49763-who-are-you,Jamie Juthapich Indrajundra
49763-who-are-you,Ciize Rutricha Phapakithi
49743-the-gifted-graduation,Nanon Korapat Kirdpan
49743-the-gifted-graduation,Chimon Wachirawit Ruangwiwat
49743-the-gifted-graduation,Jane Ramida Jiranorraphat
49743-the-gifted-graduation,Gun Atthaphan Phunsawat
49743-the-gifted-graduation,Sing Harit Cheewagaroon
49743-the-gifted-graduation,Puimek Napasorn Weerayuttwilai
27173-hua-jai-sila,Tor Thanapob Leeratanakachorn
27173-hua-jai-sila,Fern Nopjira Lerkkajornnamkul
27173-hua-jai-sila,Noon Siraphan Wattanajinda
27173-hua-jai-sila,Ann Siriam Pakdeedumrongrit
27173-hua-jai-sila,Typhoon Kanokchat Munyadon
27173-hua-jai-sila,Ben Raviyanun Takerd
725347-triage,Tae Darvid Kreepolrerk
725347-triage,Tee Thanapon Jarujitranon
725347-triage,Tonnam Piamchon Damrongsunthornchai
725347-triage,Aob Tanadol Wongsaardsakul
725347-triage,Aom Punyawee Jungcharoen
725347-triage,Fortune Pundita Koontawee
28854-kao-waan-hai-noo-pen-sai-lub,Great Warintorn Panhakarn
28854-kao-waan-hai-noo-pen-sai-lub,Kao Supassara Thanachart
28854-kao-waan-hai-noo-pen-sai-lub,Pariit Thimthong
28854-kao-waan-hai-noo-pen-sai-lub,Au Tanakorn Posayanon
28854-kao-waan-hai-noo-pen-sai-lub,Pie Rinrada Kaewbuasai
28854-kao-waan-hai-noo-pen-sai-lub,Auan Rangsit Sirananon
712993-khun-chaai,Film Thanapat Kawila
712993-khun-chaai,Jam Rachata Hampanont
712993-khun-chaai,Tongtong Kitsakorn Kanogtorn
712993-khun-chaai,Saksit Tangthong
712993-khun-chaai,Pock Piyathida Mittiraroch
712993-khun-chaai,Pei Panward Hemmanee
715893-the-eclipse,First Kanaphan Puitrakul
715893-the-eclipse,Khaotung Thanawat Ratanakitpaisan
715893-the-eclipse,Louis Thanawin Teeraphosukarn
715893-the-eclipse,Neo Trai Nimtawat
715893-the-eclipse,AJ Chayapol Jutamas
715893-the-eclipse,Pawin Thanik Kamontharanon
58899-manner-of-death,Max Nattapol Diloknawarit
58899-manner-of-death,Tul Pakorn Thanasrivanitchai
58899-manner-of-death,Great Sapol Assawamunkong
58899-manner-of-death,Foei Patara Eksangkul
58899-manner-of-death,Mint Nutwara Vongvasana
58899-manner-of-death,Meiko Chonnikan Netjui
763317-pit-babe-uncut,Pavel Naret Promphaopun
763317-pit-babe-uncut,Pooh Krittin Kitjaruwannakul
763317-pit-babe-uncut,Nut Supanut Lourhaphanich
763317-pit-babe-uncut,Sailub Hemmawich Kwanamphaiphan
763317-pit-babe-uncut,Pon Thanapon Aiemkumchai
763317-pit-babe-uncut,Ping Orbnithi Leelavetchabutr
761173-bed-friend-uncut,James Supamongkon Wongwisut
761173-bed-friend-uncut,Net Siraphop Manithikhun
761173-bed-friend-uncut,Yim Pharinyakorn Khansawa
761173-bed-friend-uncut,Thomas Teetut Chungmanirat
761173-bed-friend-uncut,Mark Sorntast Buangam
761173-bed-friend-uncut,Park Parnupat Anomakiti
715889-home-school,Nappon Gomarachun
715889-home-school,Cindy Sirinya Bishop
715889-home-school,Gun Atthaphan Phunsawat
715889-home-school,Nueng Chalad Na Songkhla
715889-home-school,Film Rachanun Mahawan
715889-home-school,Nani Hirunkit Changkham
48135-trab-fah-mee-tawan,Mark Prin Suparat
48135-trab-fah-mee-tawan,Kao Supassara Thanachart
48135-trab-fah-mee-tawan,Punjan Prama Imanothai
48135-trab-fah-mee-tawan,Lingling Sirilak Kwong
48135-trab-fah-mee-tawan,Freud Chatphong Natthaphong
48135-trab-fah-mee-tawan,Prawfar Karanchida Khumsuwan
733967-love-mechanics-director-s-cut,Yin Anan Wong
733967-love-mechanics-director-s-cut,War Wanarat Ratsameerat
733967-love-mechanics-director-s-cut,Toosafe Krittawat Suwanich
733967-love-mechanics-director-s-cut,Prom Ratchapat Worrasarn
733967-love-mechanics-director-s-cut,Perth Veerinsara Tangkitsuvanich
733967-love-mechanics-director-s-cut,Ritz Rueangritz Siriphanit
743937-midnight-museum,Tor Thanapob Leeratanakachorn
743937-midnight-museum,Gun Atthaphan Phunsawat
743937-midnight-museum,Saiparn Apinya Sakuljaroensuk
743937-midnight-museum,Foei Patara Eksangkul
743937-midnight-museum,Namtan Tipnaree Weerawatnodom
743937-midnight-museum,Ployphach Phatchatorn Thanawat
30863-suparburut-jorm-jon-maturot-loghan,Michael Pattaradet Sa-nguankwamdee
30863-suparburut-jorm-jon-maturot-loghan,Mook Mookda Narinrak
30863-suparburut-jorm-jon-maturot-loghan,Pym Pympan Chalayanacupt
30863-suparburut-jorm-jon-maturot-loghan,Euro Yotsawat Tawapee
30863-suparburut-jorm-jon-maturot-loghan,Ae Weerachai Hattakovit
30863-suparburut-jorm-jon-maturot-loghan,Annie Sararat Sajew
719429-love-destiny-uncut,Bella Ranee Campen
719429-love-destiny-uncut,Pope Thanavat Vatthanaputi
719429-love-destiny-uncut,Punjan Prama Imanothai
719429-love-destiny-uncut,Prang Kannarun Wongkajornklai
719429-love-destiny-uncut,Susi Susira Angelina Naenna
719429-love-destiny-uncut,Louis Scott
33506-until-we-meet-again-the-series,Fluke Natouch Siripongthon
33506-until-we-meet-again-the-series,Ohm Thitiwat Ritprasert
33506-until-we-meet-again-the-series,Earth Katsamonnat Namwirote
33506-until-we-meet-again-the-series,Kao Noppakao Dechaphatthanakun
33506-until-we-meet-again-the-series,Boun Noppanut Guntachai
33506-until-we-meet-again-the-series,Prem Warut Chawalitrujiwong
31880-he-s-coming-to-me,Singto Prachaya Ruangroj
31880-he-s-coming-to-me,Ohm Pawat Chittsawangdee
31880-he-s-coming-to-me,Chimon Wachirawit Ruangwiwat
31880-he-s-coming-to-me,Sing Harit Cheewagaroon
31880-he-s-coming-to-me,Gigie Chanunphat Kamolkiriluck
31880-he-s-coming-to-me,Ampere Suttatip Wutchaipradit
55651-bkpp,Billkin Putthipong Assaratanakul
55651-bkpp,PP Krit Amnuaydechkorn
55651-bkpp,Nat Kitcharit
55651-bkpp,Smile Parada Thitawachira
55651-bkpp,Khunpol Pongpol Panyamit
55651-bkpp,Dream Theethat Suk-im
14805-kiss-me,Aom Sushar Manaying
14805-kiss-me,Mike Angelo
14805-kiss-me,Tao Sattaphong Phiangphor
14805-kiss-me,Bubear Pim
14805-kiss-me,In Nattharinphon Phrommin
14805-kiss-me,Chaoey Suthada Jongjaiphar
63883-i-m-tee-me-too,Krist Perawat Sangpotirat
63883-i-m-tee-me-too,Singto Prachaya Ruangroj
63883-i-m-tee-me-too,Off Jumpol Adulkittiporn
63883-i-m-tee-me-too,Gun Atthaphan Phunsawat
63883-i-m-tee-me-too,Tay Tawan Vihokratana
63883-i-m-tee-me-too,New Thitipoom Techa-apaikhun
75821-love-mechanics,Yin Anan Wong
75821-love-mechanics,War Wanarat Ratsameerat
75821-love-mechanics,Perth Veerinsara Tangkitsuvanich
75821-love-mechanics,Prom Ratchapat Worrasarn
75821-love-mechanics,Got Kanidsorn Laiwrakoran
75821-love-mechanics,Jeff Nathadej Pititranun
22066-game-sanaeha,James Jirayu Tangsrisuk
22066-game-sanaeha,Taew Natapohn Tameeruks
22066-game-sanaeha,Ice Amena Gul
22066-game-sanaeha,Chai Chatayodom Hiranyatithi
22066-game-sanaeha,Tanya Tanyares Engtrakul
22066-game-sanaeha,Tao Sattaphong Phiangphor
763003-ready-set-love,Blue Pongtiwat Tangwancharoen
763003-ready-set-love,Belle Kemisara Paladesh
763003-ready-set-love,Lilly Nichapalak Thongkham
763003-ready-set-love,Man Trisanu Soranun
763003-ready-set-love,New Chayapak  Tunprayoon
763003-ready-set-love,Ja Natthaweeranuch Thongmee
743929-cherry-magic-thailand,Tay Tawan Vihokratana
743929-cherry-magic-thailand,New Thitipoom Techa-apaikhun
743929-cherry-magic-thailand,Junior Panachai Sriariyarungruang
743929-cherry-magic-thailand,Mark Jiruntanin Trairattanayon
743929-cherry-magic-thailand,Jan Ployshompoo Supasap
743929-cherry-magic-thailand,Sing Harit Cheewagaroon
699789-the-comments,Aye Sarunchana Apisamaimongkol
699789-the-comments,New Thitipoom Techa-apaikhun
699789-the-comments,Toy Pathompong Reonchaidee
699789-the-comments,Sing Harit Cheewagaroon
699789-the-comments,Ciize Rutricha Phapakithi
699789-the-comments,Film Rachanun Mahawan
39883-let-s-fight-ghost,Saint Suppapong Udomkaewkanjana
39883-let-s-fight-ghost,Orn Patchanan Jiajirachote
39883-let-s-fight-ghost,Junior Kornrawich Sungkitbool
39883-let-s-fight-ghost,Rang Apiwit Reardon
39883-let-s-fight-ghost,Mind Thanidaphat Tinsutthinanon
39883-let-s-fight-ghost,Big Thongpoom Siripipat
19808-the-crown-princess,Yaya Urassaya Sperbund
19808-the-crown-princess,Nadech Kugimiya
19808-the-crown-princess,Sara Legge
19808-the-crown-princess,Indy Intad Leowrakwong
19808-the-crown-princess,Matthew Dean
19808-the-crown-princess,Yuan Kawinrath Yotamornsunthorn
56933-love-storm,Boss Chaikamon Sermsongwittaya
56933-love-storm,Noeul Nuttarat Tangwai
56933-love-storm,Fort Thitipong Sangngey
56933-love-storm,Peat Wasuthorn Chaijindar
56933-love-storm,Tonnam Piamchon Damrongsunthornchai
56933-love-storm,Nut Nattapong Prompinit
681019-i-told-sunset-about-you-part-2,Billkin Putthipong Assaratanakul
681019-i-told-sunset-about-you-part-2,PP Krit Amnuaydechkorn
681019-i-told-sunset-about-you-part-2,Oab Oabnithi Wiwattanawarang
681019-i-told-sunset-about-you-part-2,Goy Arachaporn Pokinpakorn
681019-i-told-sunset-about-you-part-2,Na Naphat Vikairungroj
681019-i-told-sunset-about-you-part-2,Ta Taninrat Wadsriwat
682581-mama-gogo,Cris Horwang️️️️️️
682581-mama-gogo,Lee Thanat Lowkhunsombat
682581-mama-gogo,Pookie Paweenut Pangnakorn
682581-mama-gogo,Joss Way-ar Sangngern
682581-mama-gogo,Earth Pirapat Watthanasetsiri
682581-mama-gogo,Gigie Chanunphat Kamolkiriluck
714201-my-only-12,Earth Katsamonnat Namwirote
714201-my-only-12,Santa Pongsapak Oudompoch
714201-my-only-12,Prem Warut Chawalitrujiwong
714201-my-only-12,Afterday
714201-my-only-12,Fairy Kirana Pipityakorn
714201-my-only-12,Peak Peemapol Panichtamrong
743919-only-friends,First Kanaphan Puitrakul
743919-only-friends,Khaotung Thanawat Ratanakitpaisan
743919-only-friends,Force Jiratchapong Srisang
743919-only-friends,Book Kasidet Plookphol
743919-only-friends,Neo Trai Nimtawat
743919-only-friends,Mark Pakin Kunaanuwit
67107-girl-from-nowhere-season-2,Kitty Chicha Amatayakul
67107-girl-from-nowhere-season-2,Nink Chanya McClory
67107-girl-from-nowhere-season-2,James Teeradon Supapunpinyo
67107-girl-from-nowhere-season-2,Tai Penpak Sirikul
67107-girl-from-nowhere-season-2,Patricia Tanchanok Good
67107-girl-from-nowhere-season-2,Aelm Bhumibhat Thavornsiri
31878-a-gift-to-the-people-you-hate,Toni Rakkaen
31878-a-gift-to-the-people-you-hate,Aye Sarunchana Apisamaimongkol
31878-a-gift-to-the-people-you-hate,Puimek Napasorn Weerayuttwilai
31878-a-gift-to-the-people-you-hate,Mek Jirakit Thawornwong
31878-a-gift-to-the-people-you-hate,Namtan Tipnaree Weerawatnodom
31878-a-gift-to-the-people-you-hate,Fiat Patchata Janngeon
28744-likhit-haeng-jan,Namtarn Pichukkana Wongsarattanasin
28744-likhit-haeng-jan,Puen Khanin Chobpradit
28744-likhit-haeng-jan,Krating Khunnarong Pratesrat
28744-likhit-haeng-jan,Mint Nutwara Vongvasana
28744-likhit-haeng-jan,Phet Thakrit Tawanpong
28744-likhit-haeng-jan,Tui Kiatkamol Lata
16323-padiwaradda,James Jirayu Tangsrisuk
16323-padiwaradda,Bella Ranee Campen
16323-padiwaradda,Mint Nutwara Vongvasana
16323-padiwaradda,Mam Jintara Sukapat
16323-padiwaradda,Tok Suppakorn Kitsuwan
16323-padiwaradda,Ball Assanai Tientong
27416-khun-mae-suam-roy,Bua Nalinthip Sakulongumpai
27416-khun-mae-suam-roy,Pop Thakoon Karntip
27416-khun-mae-suam-roy,Judo Tantachj Tharinpirom
27416-khun-mae-suam-roy,Khem Laphasrada Chuaykua
27416-khun-mae-suam-roy,Duangta Toongkamanee
27416-khun-mae-suam-roy,Tao Sarocha Watittapan
759257-dead-friend-forever-dff,Ta Nannakun Pakapatpornpob
759257-dead-friend-forever-dff,Copper Phuriwat Chotiratanasak
759257-dead-friend-forever-dff,JJay Patiphan Fueangfunuwat
759257-dead-friend-forever-dff,Fuaiz Thanawat Shinawatra
759257-dead-friend-forever-dff,Mio Athens Werapatanakul
759257-dead-friend-forever-dff,Bump Pawat Akkradetsakul
69667-kinnporsche,Mile Phakphum Romsaithong
69667-kinnporsche,Apo Nattawin Wattanagitiphat
69667-kinnporsche,Bible Wichapas Sumettikul
69667-kinnporsche,Build Jakapan Puttha
69667-kinnporsche,Jeff Satur
69667-kinnporsche,Barcode Tinnasit Isarapongporn
10377-leh-nangfah,Vill Wannarot Sonthichai
10377-leh-nangfah,Push Puttichai Kasetsin
10377-leh-nangfah,Egg Butsakon Tantiphana
10377-leh-nangfah,Nicole Theriault
10377-leh-nangfah,An Oliver Poupart
10377-leh-nangfah,Oui Sutita Gatetanon
23888-project-s-the-series-spike,Oab Oabnithi Wiwattanawarang
23888-project-s-the-series-spike,Bank Thiti Mahayotaruk
23888-project-s-the-series-spike,Beam Papangkorn Lerkchaleampote
23888-project-s-the-series-spike,Punjan Prama Imanothai
23888-project-s-the-series-spike,Saiparn Apinya Sakuljaroensuk
23888-project-s-the-series-spike,Cookkai Pavadee Komchokpaisan
687145-wayla-gam-tay,Fern Nopjira Lerkkajornnamkul
687145-wayla-gam-tay,Tre Porapat Srikajorn
687145-wayla-gam-tay,Toy Pathompong Reonchaidee
687145-wayla-gam-tay,Parn Khomkrit Duangsuwan
687145-wayla-gam-tay,Yingying Sarucha Petchroj
687145-wayla-gam-tay,Ice Athichanan Srisevok
33335-jao-gum-nai-wen,Yaya Urassaya Sperbund
33335-jao-gum-nai-wen,Mario Maurer
33335-jao-gum-nai-wen,Sam Yuranunt Pamornmontri
33335-jao-gum-nai-wen,Aokbab Chutimon Chuengcharoensukying
33335-jao-gum-nai-wen,Pop Thatchathon Sabanun
33335-jao-gum-nai-wen,Lukkade Metinee Kingpayome
61275-lovely-writer,Up Poompat Iam-samang
61275-lovely-writer,Kao Noppakao Dechaphatthanakun
61275-lovely-writer,Bruce Sirikorn Kananurak
61275-lovely-writer,Ken Prarunyu Sooksamran
61275-lovely-writer,Kenji Wasin Panunaporn
61275-lovely-writer,Zorzo Nathanan Akkharakitwattanakul
715929-you-are-my-favorite,Krist Perawat Sangpotirat
715929-you-are-my-favorite,Fluke Gawin Caskey
715929-you-are-my-favorite,Aye Sarunchana Apisamaimongkol
715929-you-are-my-favorite,Aou Thanaboon Kiatniran
715929-you-are-my-favorite,Title Kirati Puangmalee
715929-you-are-my-favorite,Jus Justina Suvanvihok
26461-thong-eak-mor-yah-tah-chaloang,Mario Maurer
26461-thong-eak-mor-yah-tah-chaloang,Kimberley Anne Woltemas
26461-thong-eak-mor-yah-tah-chaloang,Punjan Prama Imanothai
26461-thong-eak-mor-yah-tah-chaloang,Inn Sarin Ronnakiat
26461-thong-eak-mor-yah-tah-chaloang,Namwhan Phulita Supinchompoo
26461-thong-eak-mor-yah-tah-chaloang,Pat Napapa Thantrakul
705281-remember-you,Petch Paopetch Charoensook
705281-remember-you,Belle Kemisara Paladesh
705281-remember-you,Tay Tawan Vihokratana
705281-remember-you,Aun Witaya Wasukraipaisarn
705281-remember-you,Nat Thewphaingam
705281-remember-you,Tee Vivid Bavornkiratikajorn
31863-blacklist,Nanon Korapat Kirdpan
31863-blacklist,Chimon Wachirawit Ruangwiwat
31863-blacklist,Ohm Pawat Chittsawangdee
31863-blacklist,Drake Sattabut Laedeke
31863-blacklist,First Kanaphan Puitrakul
31863-blacklist,Frank Thanatsaran Samthonglai
23893-nueng-dao-fah-diew,Taew Natapohn Tameeruks
23893-nueng-dao-fah-diew,James Jirayu Tangsrisuk
23893-nueng-dao-fah-diew,Aum Athichart Chumnanon
23893-nueng-dao-fah-diew,First Ekkaphong Jongkesakorn
23893-nueng-dao-fah-diew,Phet Thakrit Tawanpong
23893-nueng-dao-fah-diew,Deaw Suriyont Arunwattanakul
725033-hak-lay-my-lady,Euro Yotsawat Tawapee
725033-hak-lay-my-lady,Prapye Ramida Theerapat
725033-hak-lay-my-lady,Taentawan Taddeo Majoli Maggioli
725033-hak-lay-my-lady,Jean Chertinnara Phongpeeradej
725033-hak-lay-my-lady,Faye Peraya Malisorn
725033-hak-lay-my-lady,Big Krissada Supphapprom
58151-game-prattana,Alek Teeradetch Metawarayut
58151-game-prattana,Nychaa Nuttanicha Dungwattanawanich
58151-game-prattana,Sam Yuranunt Pamornmontri
58151-game-prattana,Donut Manatsanun Panlertwongskul
58151-game-prattana,Pop Thakoon Karntip
58151-game-prattana,Prima Bhunjaroeun
49993-sleepless-society-khun-fan-luang,Aokbab Chutimon Chuengcharoensukying
49993-sleepless-society-khun-fan-luang,Best Nathasit Kotimanuswanich
49993-sleepless-society-khun-fan-luang,Gee Sutthirak Subvijitra
49993-sleepless-society-khun-fan-luang,JingJing Warisara Yu
49993-sleepless-society-khun-fan-luang,Puyfah Sita Maharavidejakorn
49993-sleepless-society-khun-fan-luang,Ampere Suttatip Wutchaipradit
23397-sampatan-hua-jai,Weir Sukollawat Kanarot
23397-sampatan-hua-jai,Thisa Varitthisa Limthammahisorn
23397-sampatan-hua-jai,Jinna Navarat
23397-sampatan-hua-jai,Hana Lewis
23397-sampatan-hua-jai,Chane Tawatson Plengsiriwat
23397-sampatan-hua-jai,Kie Thanyachon Sathiraboot
16465-u-prince-the-series-the-crazy-artist,Kun Kunchanuj Kengkarnka
16465-u-prince-the-series-the-crazy-artist,Note Panayanggool
16465-u-prince-the-series-the-crazy-artist,Amp Phurikulkrit Chusakdiskulwibul
16465-u-prince-the-series-the-crazy-artist,Mek Jirakit Thawornwong
16465-u-prince-the-series-the-crazy-artist,Captain Chonlathorn Kongyingyong﻿
16465-u-prince-the-series-the-crazy-artist,Push Puttichai Kasetsin
19674-ra-rerng-fai,Ken Theeradeth Wongpuapan
19674-ra-rerng-fai,Nune Woranuch Bhirombhakdi
19674-ra-rerng-fai,Aun Witaya Wasukraipaisarn
19674-ra-rerng-fai,Ice Amena Gul
19674-ra-rerng-fai,Pie Rinrada Kaewbuasai
19674-ra-rerng-fai,Champ Chanatip Phothongka
715907-vice-versa,Sea Tawinan Anukoolprasert
715907-vice-versa,Jimmy Jitaraphol Potiwihok
715907-vice-versa,Neo Trai Nimtawat
715907-vice-versa,Aou Thanaboon Kiatniran
715907-vice-versa,Pepper Phanuroj Chalermkijporntavee
715907-vice-versa,Boom Tharatorn Jantharaworakarn
715925-good-old-days,Lee Thanat Lowkhunsombat
715925-good-old-days,Fah Yongwaree Anilbol
715925-good-old-days,Tay Tawan Vihokratana
715925-good-old-days,Aye Sarunchana Apisamaimongkol
715925-good-old-days,Toy Pathompong Reonchaidee
715925-good-old-days,Joss Way-ar Sangngern
51229-tunnel,Top Todsapol Maisuk
51229-tunnel,Hao Johnny
51229-tunnel,Morakot Liu
51229-tunnel,Sumet Ong
51229-tunnel,Amarin Nitibhon
51229-tunnel,Jab Penpetch Benyakul
16667-sotus-the-series,Krist Perawat Sangpotirat
16667-sotus-the-series,Singto Prachaya Ruangroj
16667-sotus-the-series,New Thitipoom Techa-apaikhun
16667-sotus-the-series,Neen Suwanamas
16667-sotus-the-series,Gunsmile Chanagun Arpornsutinan
16667-sotus-the-series,Fluke Teerapat Lohanan
715897-never-let-me-go,Pond Naravit Lertratkosum
715897-never-let-me-go,Phuwin Tangsakyuen
715897-never-let-me-go,Organ Rasee Wacharapolmek
715897-never-let-me-go,Nat Sakdatorn
715897-never-let-me-go,Chimon Wachirawit Ruangwiwat
715897-never-let-me-go,Perth Tanapon Sukumpantanasan
710409-put-your-head-on-my-shoulder,New Thitipoom Techa-apaikhun
710409-put-your-head-on-my-shoulder,Kaimuk Nilawan Iamchuasawad
710409-put-your-head-on-my-shoulder,Chimon Wachirawit Ruangwiwat
710409-put-your-head-on-my-shoulder,Gigie Chanunphat Kamolkiriluck
710409-put-your-head-on-my-shoulder,Kacha Nontanun Anchuleepradit
710409-put-your-head-on-my-shoulder,Piploy Kanyarat Ruangrung
63755-keun-ruk-salub-chata,Alek Teeradetch Metawarayut
63755-keun-ruk-salub-chata,Namtarn Pichukkana Wongsarattanasin
63755-keun-ruk-salub-chata,Bua Nalinthip Sakulongumpai
63755-keun-ruk-salub-chata,Krating Khunnarong Pratesrat
63755-keun-ruk-salub-chata,Chai Chatayodom Hiranyatithi
63755-keun-ruk-salub-chata,Pin Kejmanee Wattanasin
715805-wiwa-fah-laep,Tono Phakin Khamwilaisak
715805-wiwa-fah-laep,Pooklook Fonthip Watcharatrakul
715805-wiwa-fah-laep,May Pitchanart Sakhakorn
715805-wiwa-fah-laep,Akk Akarat Nimitchai
715805-wiwa-fah-laep,Suzana Renaud
715805-wiwa-fah-laep,Tonon Wongboon
27598-nee-ruk-nai-krong-fai,Alek Teeradetch Metawarayut
27598-nee-ruk-nai-krong-fai,Patricia Tanchanok Good
27598-nee-ruk-nai-krong-fai,Pop Thakoon Karntip
27598-nee-ruk-nai-krong-fai,Jeab Lalana Kongtoranin
27598-nee-ruk-nai-krong-fai,Deaw Suriyont Arunwattanakul
27598-nee-ruk-nai-krong-fai,Bie Teerapong Leowrakwong
682583-never-too-late,Nanon Korapat Kirdpan
682583-never-too-late,Piploy Kanyarat Ruangrung
682583-never-too-late,Khaotung Thanawat Ratanakitpaisan
682583-never-too-late,Kay Lertsittichai
682583-never-too-late,View Benyapa Jeenprasom
682583-never-too-late,Jeep Wasu Saengsingkaeo
22722-sotus-s-the-series,Singto Prachaya Ruangroj
22722-sotus-s-the-series,Krist Perawat Sangpotirat
22722-sotus-s-the-series,Oaujun Korn Khunatipapisiri
22722-sotus-s-the-series,Fiat Patchata Janngeon
22722-sotus-s-the-series,Guy Sivakorn Lertchuchot
22722-sotus-s-the-series,Nammon Krittanai Asanprakit
65801-46-wan,Baifern Pimchanok Luevisadpaibul
65801-46-wan,Nonkul Chanon Santinatornkul
65801-46-wan,Off Jumpol Adulkittiporn
65801-46-wan,Mild Lapassalan Jiravechsoontornkul
65801-46-wan,Ployphach Phatchatorn Thanawat
65801-46-wan,Jennie Panhan
749639-laws-of-attraction,Film Thanapat Kawila
749639-laws-of-attraction,Jam Rachata Hampanont
749639-laws-of-attraction,See Parattakorn Kaiyanan
749639-laws-of-attraction,Pearl Satjakorn Chalard
749639-laws-of-attraction,Organ Rasee Wacharapolmek
749639-laws-of-attraction,Not Vorarit Fuangarome
37259-sapai-import,Mik Thongraya
37259-sapai-import,Min Pechaya Wattanamontree
37259-sapai-import,Aun Akrabhaj Bunnag
37259-sapai-import,Jaibua Hidding
37259-sapai-import,Boss Jukkaphan Wongkanit
37259-sapai-import,May Sirin Kohkiat
31858-dark-blue-kiss,Tay Tawan Vihokratana
31858-dark-blue-kiss,New Thitipoom Techa-apaikhun
31858-dark-blue-kiss,AJ Chayapol Jutamas
31858-dark-blue-kiss,Pod Suphakorn Sriphothong
31858-dark-blue-kiss,Fluke Gawin Caskey
31858-dark-blue-kiss,Pluem Pongpisal
695729-my-lovely-bodyguard,Vill Wannarot Sonthichai
695729-my-lovely-bodyguard,Ken Phupoom Phongpanu
695729-my-lovely-bodyguard,Petch Boranin
695729-my-lovely-bodyguard,Gigie Chanunphat Kamolkiriluck
695729-my-lovely-bodyguard,Ann Siriam Pakdeedumrongrit
695729-my-lovely-bodyguard,Akk Akarat Nimitchai
13866-piang-chai-khon-nee-mai-chai-poo-wised,James Ma
13866-piang-chai-khon-nee-mai-chai-poo-wised,Kimberley Anne Woltemas
13866-piang-chai-khon-nee-mai-chai-poo-wised,Pop Thakoon Karntip
13866-piang-chai-khon-nee-mai-chai-poo-wised,Namcha Sheranut Yusananda
13866-piang-chai-khon-nee-mai-chai-poo-wised,Eye Kamolned Ruengsri
13866-piang-chai-khon-nee-mai-chai-poo-wised,Mam Jintara Sukapat
10062-khun-chai-puttipat,James Jirayu Tangsrisuk
10062-khun-chai-puttipat,Bella Ranee Campen
10062-khun-chai-puttipat,Noey Chotika Wongwilas
10062-khun-chai-puttipat,Got Jirayu Tantrakul
10062-khun-chai-puttipat,Pu Montree Jenuksorn
10062-khun-chai-puttipat,Great Warintorn Panhakarn
