title_id,tag
756633-i-feel-you-linger-in-the-air-uncut-version,Time Travel
756633-i-feel-you-linger-in-the-air-uncut-version,Gay Romance
756633-i-feel-you-linger-in-the-air-uncut-version,1920s
756633-i-feel-you-linger-in-the-air-uncut-version,LGBTQ+
756633-i-feel-you-linger-in-the-air-uncut-version,Adapted From A Novel
756633-i-feel-you-linger-in-the-air-uncut-version,Gay Male Lead
756633-i-feel-you-linger-in-the-air-uncut-version,Servant Male Lead
756633-i-feel-you-linger-in-the-air-uncut-version,Married Supporting Character
756633-i-feel-you-linger-in-the-air-uncut-version,Master-Servant Relationship
756633-i-feel-you-linger-in-the-air-uncut-version,Secret (Vote or add tags)
729833-thai-cave-rescue,Rescue Mission
729833-thai-cave-rescue,Survival
729833-thai-cave-rescue,Based On True Story
729833-thai-cave-rescue,Co-produced
729833-thai-cave-rescue,Brave Male Lead
729833-thai-cave-rescue,Thai Mythology
729833-thai-cave-rescue,Clever Male Lead
729833-thai-cave-rescue,Biographical
729833-thai-cave-rescue,Bilingual Supporting Character
729833-thai-cave-rescue,Bilingual Female Lead (Vote or add tags)
24685-project-s-the-series-skate-our-souls,Skaters
24685-project-s-the-series-skate-our-souls,Depression
24685-project-s-the-series-skate-our-souls,Psychology
24685-project-s-the-series-skate-our-souls,Self-harm
24685-project-s-the-series-skate-our-souls,Friendship
24685-project-s-the-series-skate-our-souls,Father-Son Relationship
24685-project-s-the-series-skate-our-souls,Suicide
24685-project-s-the-series-skate-our-souls,Doctor Female Lead
24685-project-s-the-series-skate-our-souls,Skateboarding
24685-project-s-the-series-skate-our-souls,Bromance (Vote or add tags)
23472-bpoop-phaeh-saniwaat,Time Travel
23472-bpoop-phaeh-saniwaat,Sassy Female Lead
23472-bpoop-phaeh-saniwaat,Transmigration
23472-bpoop-phaeh-saniwaat,Eccentric Female Lead
23472-bpoop-phaeh-saniwaat,Soulmates
23472-bpoop-phaeh-saniwaat,Fated Love
23472-bpoop-phaeh-saniwaat,Reincarnation
23472-bpoop-phaeh-saniwaat,Strong Female Lead
23472-bpoop-phaeh-saniwaat,Nice Male Lead
23472-bpoop-phaeh-saniwaat,Cohabitation (Vote or add tags)
27367-the-gifted,High School
27367-the-gifted,Multiple Mains
27367-the-gifted,Adapted From A Novel
27367-the-gifted,Corruption
27367-the-gifted,Suspense
27367-the-gifted,Teamwork
27367-the-gifted,Friendship
27367-the-gifted,Slight Romance
27367-the-gifted,Child Abuse
27367-the-gifted,Rivalry (Vote or add tags)
30294-luead-khon-kon-jang,Huge Family
30294-luead-khon-kon-jang,Lying
30294-luead-khon-kon-jang,Murder
30294-luead-khon-kon-jang,Bromance
30294-luead-khon-kon-jang,Investigation
30294-luead-khon-kon-jang,Suspense
30294-luead-khon-kon-jang,Smart Male Lead
30294-luead-khon-kon-jang,Jealous Female Lead
30294-luead-khon-kon-jang,Family Conflict
30294-luead-khon-kon-jang,Conflict (Vote or add tags)
743905-enigma,Teenager Female Lead
743905-enigma,High School
743905-enigma,Black Magic
743905-enigma,Student Supporting Character
743905-enigma,Student Female Lead
743905-enigma,School Setting
743905-enigma,Exorcist Male Lead
743905-enigma,Teenager Supporting Character
743905-enigma,Age Gap [Drama Life]
743905-enigma,Age Gap [Real Life] (Vote or add tags)
749823-the-sign,LGBTQ+
749823-the-sign,Gay Romance
749823-the-sign,Death
749823-the-sign,Investigation
749823-the-sign,Supernatural Power
749823-the-sign,Teamwork
749823-the-sign,Psychic Male Lead
749823-the-sign,Premonition
749823-the-sign,Friendship
749823-the-sign,Police Academy (Vote or add tags)
682595-not-me,Social Commentary
682595-not-me,Impersonation
682595-not-me,LGBTQ+
682595-not-me,Violence
682595-not-me,Social Inequality
682595-not-me,Hidden Identity
682595-not-me,Gay Romance
682595-not-me,Fight For Justice
682595-not-me,Revenge
682595-not-me,Political (Vote or add tags)
49745-a-tale-of-a-thousand-stars,Rural Life
49745-a-tale-of-a-thousand-stars,Hardworking Male Lead
49745-a-tale-of-a-thousand-stars,Heart Transplant
49745-a-tale-of-a-thousand-stars,Character Development
49745-a-tale-of-a-thousand-stars,Adapted From A Novel
49745-a-tale-of-a-thousand-stars,LGBTQ+
49745-a-tale-of-a-thousand-stars,Gay Romance
49745-a-tale-of-a-thousand-stars,Strong Male Lead
49745-a-tale-of-a-thousand-stars,Organ Transplantation
49745-a-tale-of-a-thousand-stars,Slow Burn Romance (Vote or add tags)
743923-last-twilight,LGBTQ+
743923-last-twilight,Bisexual Male Lead
743923-last-twilight,Disability
743923-last-twilight,Blindness
743923-last-twilight,Caregiver Male Lead
743923-last-twilight,Gay Male Lead
743923-last-twilight,Blind Male Lead
743923-last-twilight,Disabled Male Lead
743923-last-twilight,Gay Romance
743923-last-twilight,Visually Impaired Male Lead (Vote or add tags)
30290-girl-from-no-where-the-series,Anthology
30290-girl-from-no-where-the-series,Death
30290-girl-from-no-where-the-series,High School
30290-girl-from-no-where-the-series,Calm Female Lead
30290-girl-from-no-where-the-series,Violence
30290-girl-from-no-where-the-series,Murder
30290-girl-from-no-where-the-series,Revenge
30290-girl-from-no-where-the-series,School Bullying
30290-girl-from-no-where-the-series,Rape
30290-girl-from-no-where-the-series,Suspense (Vote or add tags)
33049-bad-genius-the-series,Cheating
33049-bad-genius-the-series,Poor Male Lead
33049-bad-genius-the-series,Based On True Story
33049-bad-genius-the-series,Slight Romance
33049-bad-genius-the-series,Genius Female Lead
33049-bad-genius-the-series,Genius Male Lead
33049-bad-genius-the-series,Strong Female Lead
33049-bad-genius-the-series,Filmed Abroad
33049-bad-genius-the-series,Theatre/Drama Club
33049-bad-genius-the-series,Private School (Vote or add tags)
715931-my-school-president,Gay Romance
715931-my-school-president,LGBTQ+
715931-my-school-president,Healthy Mains’ Relationship
715931-my-school-president,Club President Male Lead
715931-my-school-president,Chasing A Dream
715931-my-school-president,Secret Crush
715931-my-school-president,Friendship
715931-my-school-president,School Club
715931-my-school-president,Band
715931-my-school-president,Classmates' Relationship (Vote or add tags)
709801-matalada,Abusive Parent
709801-matalada,Doctor Male Lead
709801-matalada,Cheerful Female Lead
709801-matalada,Healthy Mains’ Relationship
709801-matalada,Supportive Parent
709801-matalada,Nice Female Lead
709801-matalada,Family Relationship
709801-matalada,LGBTQ+
709801-matalada,Smart Male Lead
709801-matalada,Transgender Character (Vote or add tags)
27368-happy-birthday,Ghost-seeing Male Lead
27368-happy-birthday,Family Relationship
27368-happy-birthday,Suicide
27368-happy-birthday,Death
27368-happy-birthday,Spirit Possession
27368-happy-birthday,Ghost Female Lead
27368-happy-birthday,Brother-Sister Relationship
27368-happy-birthday,Flashback To Past
27368-happy-birthday,Healing
27368-happy-birthday,Hidden Past (Vote or add tags)
50007-boys-over-flowers,Strong Female Lead
50007-boys-over-flowers,Evil Parental Figure
50007-boys-over-flowers,Character Development
50007-boys-over-flowers,Enemies To Lovers
50007-boys-over-flowers,Adapted From A Manga
50007-boys-over-flowers,Friendship
50007-boys-over-flowers,Male Chases Female First
50007-boys-over-flowers,Cyberbullying
50007-boys-over-flowers,Multiple Mains
50007-boys-over-flowers,Rich Male Lead (Vote or add tags)
13865-kleun-cheewit,Strong Female Lead
13865-kleun-cheewit,Love/Hate Relationship
13865-kleun-cheewit,Misunderstanding
13865-kleun-cheewit,Revenge
13865-kleun-cheewit,Sismance
13865-kleun-cheewit,Lack Of Communication
13865-kleun-cheewit,Death
13865-kleun-cheewit,Enemies To Lovers
13865-kleun-cheewit,Entertainment Industry
13865-kleun-cheewit,Rich Female Lead (Vote or add tags)
24193-project-s-the-series-side-by-side,Badminton
24193-project-s-the-series-side-by-side,Autism
24193-project-s-the-series-side-by-side,Autistic Male Lead
24193-project-s-the-series-side-by-side,Character Development
24193-project-s-the-series-side-by-side,Sibling Rivalry
24193-project-s-the-series-side-by-side,Mother-Son Relationship
24193-project-s-the-series-side-by-side,Tearjerker
24193-project-s-the-series-side-by-side,Bromance
24193-project-s-the-series-side-by-side,Neurodevelopmental Disorder
24193-project-s-the-series-side-by-side,Aunt-Nephew Relationship (Vote or add tags)
682589-bad-buddy,Gay Romance
682589-bad-buddy,Rivals To Lovers
682589-bad-buddy,Rivalry
682589-bad-buddy,Rival Families
682589-bad-buddy,Secret Romance
682589-bad-buddy,Family Conflict
682589-bad-buddy,Adapted From A Novel
682589-bad-buddy,LGBTQ+
682589-bad-buddy,Enemies To Friends
682589-bad-buddy,University (Vote or add tags)
711999-i-feel-you-linger-in-the-air,Time Travel
711999-i-feel-you-linger-in-the-air,LGBTQ+
711999-i-feel-you-linger-in-the-air,Adapted From A Novel
711999-i-feel-you-linger-in-the-air,Gay Romance
711999-i-feel-you-linger-in-the-air,1920s
711999-i-feel-you-linger-in-the-air,Servant Male Lead
711999-i-feel-you-linger-in-the-air,Married Supporting Character
711999-i-feel-you-linger-in-the-air,Gay Male Lead
711999-i-feel-you-linger-in-the-air,Master-Servant Relationship
711999-i-feel-you-linger-in-the-air,Secret (Vote or add tags)
71555-siadai-2020,1990s
71555-siadai-2020,Found Family
71555-siadai-2020,Drug Usage
71555-siadai-2020,Dysfunctional Family
71555-siadai-2020,Rape
71555-siadai-2020,Homophobia
71555-siadai-2020,Prostitution
71555-siadai-2020,Domestic Abuse
71555-siadai-2020,Child Abuse
71555-siadai-2020,Alcoholic Parent (Vote or add tags)
9828-full-house,Cohabitation
9828-full-house,Marriage Of Convenience
9828-full-house,Contract Relationship
9828-full-house,Naive Female Lead
9828-full-house,Rich Man/Poor Woman
9828-full-house,Filmed Abroad
9828-full-house,Famous Lead/Common Lead
9828-full-house,Clingy Male Lead
9828-full-house,Famous Male Lead
9828-full-house,Bickering Mains' Relationship (Vote or add tags)
715909-p-s-i-hate-you,Female Centered Plot
715909-p-s-i-hate-you,Betrayed By A Friend
715909-p-s-i-hate-you,Long Time Friends
715909-p-s-i-hate-you,Friends To Enemies
715909-p-s-i-hate-you,Female Rivalry
715909-p-s-i-hate-you,Infidelity
715909-p-s-i-hate-you,Adapted From A Novel
715909-p-s-i-hate-you,Sexual Assault
715909-p-s-i-hate-you,Sismance
715909-p-s-i-hate-you,Murder (Vote or add tags)
715923-the-warp-effect,Time Travel
715923-the-warp-effect,Feminism
715923-the-warp-effect,Sex Education
715923-the-warp-effect,LGBTQ+
715923-the-warp-effect,Sexual Content
715923-the-warp-effect,Multiple Couples
715923-the-warp-effect,Nonbinary Supporting Character
715923-the-warp-effect,Friendship
715923-the-warp-effect,Virgin Male Lead
715923-the-warp-effect,Friends With Benefits (Vote or add tags)
715901-moonlight-chicken,Sign Language
715901-moonlight-chicken,LGBTQ+
715901-moonlight-chicken,Restaurant Setting
715901-moonlight-chicken,One-night Stand
715901-moonlight-chicken,Gay Romance
715901-moonlight-chicken,Deaf Supporting Character
715901-moonlight-chicken,Gay Male Lead
715901-moonlight-chicken,Uncle-Nephew Relationship
715901-moonlight-chicken,Poor Male Lead
715901-moonlight-chicken,Age Gap [Drama Life] (Vote or add tags)
49763-who-are-you,School Bullying
49763-who-are-you,School Problems
49763-who-are-you,Identity Swap
49763-who-are-you,Hidden Identity
49763-who-are-you,Mother-Daughter Relationship
49763-who-are-you,Suicide
49763-who-are-you,Investigation
49763-who-are-you,Mother-Son Relationship
49763-who-are-you,Father-Son Relationship
49763-who-are-you,Cram School (Vote or add tags)
49743-the-gifted-graduation,High School
49743-the-gifted-graduation,Multiple Mains
49743-the-gifted-graduation,Friendship
49743-the-gifted-graduation,Sci-Fi
49743-the-gifted-graduation,Slight Romance
49743-the-gifted-graduation,Teamwork
49743-the-gifted-graduation,Power Struggle
49743-the-gifted-graduation,Generational Conflict
49743-the-gifted-graduation,Rival Groups
49743-the-gifted-graduation,Leadership (Vote or add tags)
27173-hua-jai-sila,Hidden Identity
27173-hua-jai-sila,Double Identity
27173-hua-jai-sila,Revenge
27173-hua-jai-sila,First Love
27173-hua-jai-sila,Aggressive Male Lead
27173-hua-jai-sila,Slap And Kiss
27173-hua-jai-sila,Healing
27173-hua-jai-sila,Rich Male Lead
27173-hua-jai-sila,Nice Female Lead
27173-hua-jai-sila,Evil Parental Figure (Vote or add tags)
725347-triage,Bisexual Male Lead
725347-triage,Time Loop
725347-triage,Doctor Male Lead
725347-triage,LGBTQ+
725347-triage,Gay Romance
725347-triage,Time Altering
725347-triage,Suspense
725347-triage,Doctor Supporting Character
725347-triage,Hospital Setting
725347-triage,Investigation (Vote or add tags)
28854-kao-waan-hai-noo-pen-sai-lub,Fake Marriage
28854-kao-waan-hai-noo-pen-sai-lub,Contract Relationship
28854-kao-waan-hai-noo-pen-sai-lub,Rich Man/Poor Woman
28854-kao-waan-hai-noo-pen-sai-lub,Sassy Female Lead
28854-kao-waan-hai-noo-pen-sai-lub,Poor Female Lead
28854-kao-waan-hai-noo-pen-sai-lub,Ghost-seeing Female Lead
28854-kao-waan-hai-noo-pen-sai-lub,Marriage Of Convenience
28854-kao-waan-hai-noo-pen-sai-lub,Tragic Past
28854-kao-waan-hai-noo-pen-sai-lub,Multiple Couples
28854-kao-waan-hai-noo-pen-sai-lub,Nice Male Lead (Vote or add tags)
712993-khun-chaai,Half-brothers' Relationship
712993-khun-chaai,Graphic Violence
712993-khun-chaai,Servant Supporting Character
712993-khun-chaai,Heir Male Lead
712993-khun-chaai,Gay Male Lead
712993-khun-chaai,Closeted
712993-khun-chaai,Controlling Parent
712993-khun-chaai,Attempted Murder
712993-khun-chaai,Greed
712993-khun-chaai,Multiple Mains (Vote or add tags)
715893-the-eclipse,Gay Male Lead
715893-the-eclipse,Gay Romance
715893-the-eclipse,Enemies To Lovers
715893-the-eclipse,Gay Supporting Character
715893-the-eclipse,All-Boys School
715893-the-eclipse,LGBTQ+
715893-the-eclipse,Male Centered Plot
715893-the-eclipse,High School
715893-the-eclipse,Investigation
715893-the-eclipse,Homophobia (Vote or add tags)
58899-manner-of-death,Strong Male Lead
58899-manner-of-death,Investigation
58899-manner-of-death,Gay Romance
58899-manner-of-death,LGBTQ+
58899-manner-of-death,Death
58899-manner-of-death,Murder
58899-manner-of-death,Sexual Abuse
58899-manner-of-death,Adapted From A Novel
58899-manner-of-death,Doctor Male Lead
58899-manner-of-death,Wrongfully Accused (Vote or add tags)
763317-pit-babe-uncut,Omegaverse
763317-pit-babe-uncut,Adapted From A Web Novel
763317-pit-babe-uncut,Gay Male Lead
763317-pit-babe-uncut,Gay Romance
763317-pit-babe-uncut,Flashback To Past
763317-pit-babe-uncut,Supernatural Power
763317-pit-babe-uncut,Mental Powers
763317-pit-babe-uncut,Car Racing
763317-pit-babe-uncut,LGBTQ+
763317-pit-babe-uncut,Precognition (Vote or add tags)
761173-bed-friend-uncut,Expressed Consent
761173-bed-friend-uncut,Co-workers' Relationship
761173-bed-friend-uncut,Office Worker Male Lead
761173-bed-friend-uncut,Gay Male Lead
761173-bed-friend-uncut,Gay Romance
761173-bed-friend-uncut,Friends With Benefits
761173-bed-friend-uncut,Flashback To Past
761173-bed-friend-uncut,LGBTQ+
761173-bed-friend-uncut,Trauma
761173-bed-friend-uncut,Sexual Content (Vote or add tags)
715889-home-school,Student Female Lead
715889-home-school,Student Male Lead
715889-home-school,Teenager Female Lead
715889-home-school,Teenager Male Lead
715889-home-school,Boarding School
715889-home-school,Multiple Mains
715889-home-school,Autistic Male Lead
715889-home-school,Suspense
715889-home-school,Slight Romance
715889-home-school,High School (Vote or add tags)
48135-trab-fah-mee-tawan,Female Chases Male First
48135-trab-fah-mee-tawan,Countryside Male Lead
48135-trab-fah-mee-tawan,Clingy Female Lead
48135-trab-fah-mee-tawan,Mean Male Lead
48135-trab-fah-mee-tawan,Possessive Male Lead
48135-trab-fah-mee-tawan,Character Development
48135-trab-fah-mee-tawan,Love/Hate Relationship
48135-trab-fah-mee-tawan,Enemies To Lovers
48135-trab-fah-mee-tawan,Jealous Male Lead
48135-trab-fah-mee-tawan,Friends To Enemies (Vote or add tags)
733967-love-mechanics-director-s-cut,Student Supporting Character
733967-love-mechanics-director-s-cut,Student Male Lead
733967-love-mechanics-director-s-cut,School Setting
733967-love-mechanics-director-s-cut,Young Adult Male Lead
733967-love-mechanics-director-s-cut,Gay Male Lead
733967-love-mechanics-director-s-cut,Gay Romance
733967-love-mechanics-director-s-cut,Dubious Consent
733967-love-mechanics-director-s-cut,University
733967-love-mechanics-director-s-cut,LGBTQ+
733967-love-mechanics-director-s-cut,Miniseries (Vote or add tags)
743937-midnight-museum,Curse
743937-midnight-museum,Black Magic
743937-midnight-museum,Bromance
743937-midnight-museum,Violence
743937-midnight-museum,Museum Curator Male Lead
743937-midnight-museum,Dark Fantasy
743937-midnight-museum,Ghost
743937-midnight-museum,Investigation
743937-midnight-museum,Barista Male Lead
743937-midnight-museum,Supernatural Being (Vote or add tags)
30863-suparburut-jorm-jon-maturot-loghan,Kidnapping
30863-suparburut-jorm-jon-maturot-loghan,Stockholm Syndrome
30863-suparburut-jorm-jon-maturot-loghan,Older Man/Younger Woman
30863-suparburut-jorm-jon-maturot-loghan,Gun Violence
30863-suparburut-jorm-jon-maturot-loghan,Magical Power
30863-suparburut-jorm-jon-maturot-loghan,Badass Male Lead
30863-suparburut-jorm-jon-maturot-loghan,Smart Female Lead
30863-suparburut-jorm-jon-maturot-loghan,Sassy Female Lead
30863-suparburut-jorm-jon-maturot-loghan,Vengeance
30863-suparburut-jorm-jon-maturot-loghan,Love At First Sight (Vote or add tags)
719429-love-destiny-uncut,Ayutthaya Period
719429-love-destiny-uncut,Transmigration
719429-love-destiny-uncut,Fated Love
719429-love-destiny-uncut,Eccentric Female Lead
719429-love-destiny-uncut,Sassy Female Lead
719429-love-destiny-uncut,Soulmates
719429-love-destiny-uncut,Cohabitation
719429-love-destiny-uncut,Fate
719429-love-destiny-uncut,Nice Male Lead
719429-love-destiny-uncut,Reincarnation (Vote or add tags)
33506-until-we-meet-again-the-series,Fated Love
33506-until-we-meet-again-the-series,Reincarnated Lovers
33506-until-we-meet-again-the-series,Soulmates
33506-until-we-meet-again-the-series,Adapted From A Novel
33506-until-we-meet-again-the-series,Reincarnation
33506-until-we-meet-again-the-series,LGBTQ+
33506-until-we-meet-again-the-series,Friendship
33506-until-we-meet-again-the-series,Cooking
33506-until-we-meet-again-the-series,University
33506-until-we-meet-again-the-series,Crybaby Male Lead (Vote or add tags)
31880-he-s-coming-to-me,Ghost-seeing Male Lead
31880-he-s-coming-to-me,Nice Male Lead
31880-he-s-coming-to-me,Tragic Past
31880-he-s-coming-to-me,Adapted From A Novel
31880-he-s-coming-to-me,Gay Male Lead
31880-he-s-coming-to-me,Investigation
31880-he-s-coming-to-me,LGBTQ+
31880-he-s-coming-to-me,Interspecies Romance
31880-he-s-coming-to-me,Ghost Male Lead
31880-he-s-coming-to-me,Gay Romance (Vote or add tags)
55651-bkpp,Jealous Male Lead
55651-bkpp,Friends To Lovers
55651-bkpp,Jealousy
55651-bkpp,LGBTQ+
55651-bkpp,Hardworking Male Lead
55651-bkpp,Heartbreak
55651-bkpp,Meet Again
55651-bkpp,Coming Of Age
55651-bkpp,Gay Romance
55651-bkpp,Coming Out (Vote or add tags)
14805-kiss-me,Student Female Lead
14805-kiss-me,Student Male Lead
14805-kiss-me,School Setting
14805-kiss-me,Childhood Friends' Relationship
14805-kiss-me,University
14805-kiss-me,Family Relationship
14805-kiss-me,High School
14805-kiss-me,Cold Man/Warm Woman
14805-kiss-me,Female Chases Male First
14805-kiss-me,Ex Comes Back (Vote or add tags)
63883-i-m-tee-me-too,Phobia
63883-i-m-tee-me-too,Bromance
63883-i-m-tee-me-too,Grief
63883-i-m-tee-me-too,Multiple Mains
63883-i-m-tee-me-too,Friendship
63883-i-m-tee-me-too,Housemates' Relationship
63883-i-m-tee-me-too,Miniseries
63883-i-m-tee-me-too,Father-Son Relationship
63883-i-m-tee-me-too,Eccentric Male Lead
63883-i-m-tee-me-too,Character Development (Vote or add tags)
75821-love-mechanics,Infidelity
75821-love-mechanics,Gay Romance
75821-love-mechanics,Dubious Consent
75821-love-mechanics,Gay Male Lead
75821-love-mechanics,University
75821-love-mechanics,LGBTQ+
75821-love-mechanics,Enemies To Lovers
75821-love-mechanics,Trust Issues
75821-love-mechanics,Poor Man/Rich Man
75821-love-mechanics,Adapted From A Novel (Vote or add tags)
22066-game-sanaeha,Rich Female Lead
22066-game-sanaeha,Spoiled Female Lead
22066-game-sanaeha,Nice Male Lead
22066-game-sanaeha,Love/Hate Relationship
22066-game-sanaeha,Male Chases Female First
22066-game-sanaeha,Misunderstanding
22066-game-sanaeha,Jealousy
22066-game-sanaeha,Slap And Kiss
22066-game-sanaeha,Rich Woman/Poor Man
22066-game-sanaeha,Revenge (Vote or add tags)
763003-ready-set-love,Female Rivalry
763003-ready-set-love,LGBTQ+
763003-ready-set-love,Popular Male Lead
763003-ready-set-love,Survival Show
763003-ready-set-love,Underdog
763003-ready-set-love,Conspiracy
763003-ready-set-love,Competition
763003-ready-set-love,Lesbian Supporting Character
763003-ready-set-love,Gay Supporting Character
763003-ready-set-love,Social Issues (Vote or add tags)
743929-cherry-magic-thailand,Mind Reading
743929-cherry-magic-thailand,LGBTQ+
743929-cherry-magic-thailand,Adapted From A Manga
743929-cherry-magic-thailand,Office Setting
743929-cherry-magic-thailand,Virgin Supporting Character
743929-cherry-magic-thailand,Virgin Male Lead
743929-cherry-magic-thailand,Office Worker Supporting Character
743929-cherry-magic-thailand,Office Worker Male Lead
743929-cherry-magic-thailand,Gay Male Lead
743929-cherry-magic-thailand,Gay Supporting Character (Vote or add tags)
699789-the-comments,Investigation
699789-the-comments,Friendship
699789-the-comments,Social Media
699789-the-comments,Revenge
699789-the-comments,Entertainment Industry
699789-the-comments,Cyberbullying
699789-the-comments,Miniseries
699789-the-comments,School Bullying
699789-the-comments,Suicide
699789-the-comments,Tearjerker (Vote or add tags)
39883-let-s-fight-ghost,Ghost-seeing Male Lead
39883-let-s-fight-ghost,Strong Female Lead
39883-let-s-fight-ghost,Ghost
39883-let-s-fight-ghost,Amnesia
39883-let-s-fight-ghost,Adapted From A Webtoon
39883-let-s-fight-ghost,Skilled Fighter
39883-let-s-fight-ghost,Strong Male Lead
39883-let-s-fight-ghost,Interspecies Romance
39883-let-s-fight-ghost,Nice Male Lead
39883-let-s-fight-ghost,Hardworking Male Lead (Vote or add tags)
19808-the-crown-princess,Badass Female Lead
19808-the-crown-princess,Princess Female Lead
19808-the-crown-princess,Badass Male Lead
19808-the-crown-princess,Noble Woman/Common Man
19808-the-crown-princess,Royalty
19808-the-crown-princess,Sibling Rivalry
19808-the-crown-princess,Calm Male Lead
19808-the-crown-princess,Strong Female Lead
19808-the-crown-princess,Nice Male Lead
19808-the-crown-princess,Slow Romance (Vote or add tags)
56933-love-storm,Gay Romance
56933-love-storm,Auto Mechanic Male Lead
56933-love-storm,Bisexual Male Lead
56933-love-storm,Sexual Content
56933-love-storm,Love/Hate Relationship
56933-love-storm,Naive Male Lead
56933-love-storm,University
56933-love-storm,Playboy Male Lead
56933-love-storm,Motorcycle Racing
56933-love-storm,Architect Male Lead (Vote or add tags)
681019-i-told-sunset-about-you-part-2,Coming Of Age
681019-i-told-sunset-about-you-part-2,University
681019-i-told-sunset-about-you-part-2,LGBTQ+
681019-i-told-sunset-about-you-part-2,Performing Arts
681019-i-told-sunset-about-you-part-2,Gay Relationship
681019-i-told-sunset-about-you-part-2,Tearjerker
681019-i-told-sunset-about-you-part-2,College To Working Life
681019-i-told-sunset-about-you-part-2,Bisexual Male Lead
681019-i-told-sunset-about-you-part-2,Time Skip
681019-i-told-sunset-about-you-part-2,Promise (Vote or add tags)
682581-mama-gogo,Mother-Daughter Relationship
682581-mama-gogo,Stripper Supporting Character
682581-mama-gogo,Bar Owner Female Lead
682581-mama-gogo,Hardworking Female Lead
682581-mama-gogo,Rivalry
682581-mama-gogo,Older Woman/Younger Man
682581-mama-gogo,Enemies To Lovers
682581-mama-gogo,Friendship
682581-mama-gogo,Money-Obsession
682581-mama-gogo,Debt (Vote or add tags)
714201-my-only-12,Childhood Friends' Relationship
714201-my-only-12,LGBTQ+
714201-my-only-12,Coming Of Age
714201-my-only-12,Slow Burn Romance
714201-my-only-12,Teenager Male Lead
714201-my-only-12,Friendship
714201-my-only-12,Adapted From A Novel
714201-my-only-12,Gay Male Lead
714201-my-only-12,Teenager Supporting Character
714201-my-only-12,Age Gap [Real Life] (Vote or add tags)
743919-only-friends,Multiple Couples
743919-only-friends,Sexual Content
743919-only-friends,LGBTQ+
743919-only-friends,Friendship
743919-only-friends,Friends With Benefits
743919-only-friends,University
743919-only-friends,Multiple Mains
743919-only-friends,Betrayed By A Friend
743919-only-friends,Young Adult Male Lead
743919-only-friends,Gay Male Lead (Vote or add tags)
67107-girl-from-nowhere-season-2,Gore
67107-girl-from-nowhere-season-2,Revenge
67107-girl-from-nowhere-season-2,Anthology
67107-girl-from-nowhere-season-2,Strong Female Lead
67107-girl-from-nowhere-season-2,Murder
67107-girl-from-nowhere-season-2,High School
67107-girl-from-nowhere-season-2,Suspense
67107-girl-from-nowhere-season-2,Antiheroine Female Lead
67107-girl-from-nowhere-season-2,Blood
67107-girl-from-nowhere-season-2,Investigation (Vote or add tags)
31878-a-gift-to-the-people-you-hate,Multiple Mains
31878-a-gift-to-the-people-you-hate,Revenge
31878-a-gift-to-the-people-you-hate,Adapted From A Comic
31878-a-gift-to-the-people-you-hate,Hatred
31878-a-gift-to-the-people-you-hate,Investigation
31878-a-gift-to-the-people-you-hate,Suspense
31878-a-gift-to-the-people-you-hate,Murder
31878-a-gift-to-the-people-you-hate,Father-Daughter Relationship
31878-a-gift-to-the-people-you-hate,Brother-Sister Relationship
31878-a-gift-to-the-people-you-hate,Elections (Vote or add tags)
28744-likhit-haeng-jan,Doppelganger
28744-likhit-haeng-jan,Time Travel
28744-likhit-haeng-jan,Strong Female Lead
28744-likhit-haeng-jan,Adapted From A Novel
28744-likhit-haeng-jan,Secondary Couple
28744-likhit-haeng-jan,Past And Present
28744-likhit-haeng-jan,Different Timelines
28744-likhit-haeng-jan,Identity Swap
28744-likhit-haeng-jan,Tomboy Female Lead
28744-likhit-haeng-jan,Doctor Male Lead (Vote or add tags)
16323-padiwaradda,Arranged Marriage
16323-padiwaradda,Slow Burn Romance
16323-padiwaradda,Poor Male Lead
16323-padiwaradda,Arranged Relationship
16323-padiwaradda,Love Triangle
16323-padiwaradda,Hidden Identity
16323-padiwaradda,Birth Secret
16323-padiwaradda,Calm Female Lead
16323-padiwaradda,Hidden Past
16323-padiwaradda,Lovers Separated (Vote or add tags)
27416-khun-mae-suam-roy,Strong Female Lead
27416-khun-mae-suam-roy,Badass Female Lead
27416-khun-mae-suam-roy,Cohabitation
27416-khun-mae-suam-roy,Investigation
27416-khun-mae-suam-roy,Hidden Identity
27416-khun-mae-suam-roy,Impersonation
27416-khun-mae-suam-roy,Fake Marriage
27416-khun-mae-suam-roy,Identical Twin Female Lead
27416-khun-mae-suam-roy,Rich Family
27416-khun-mae-suam-roy,Rich Male Lead (Vote or add tags)
759257-dead-friend-forever-dff,Multiple Mains
759257-dead-friend-forever-dff,LGBTQ+
759257-dead-friend-forever-dff,Suspense
759257-dead-friend-forever-dff,Gay Romance
759257-dead-friend-forever-dff,Filmmaking
759257-dead-friend-forever-dff,Steamy Kiss
759257-dead-friend-forever-dff,Mild Gore
759257-dead-friend-forever-dff,Drinking
759257-dead-friend-forever-dff,Smoking
759257-dead-friend-forever-dff,High School (Vote or add tags)
69667-kinnporsche,Gay Romance
69667-kinnporsche,Mafia
69667-kinnporsche,LGBTQ+
69667-kinnporsche,Violence
69667-kinnporsche,Sexual Content
69667-kinnporsche,Adapted From A Novel
69667-kinnporsche,Multiple Couples
69667-kinnporsche,Rivalry
69667-kinnporsche,Bodyguard Male Lead
69667-kinnporsche,Gang Leader Male Lead (Vote or add tags)
10377-leh-nangfah,Transformation
10377-leh-nangfah,Rich Female Lead
10377-leh-nangfah,Spoiled Female Lead
10377-leh-nangfah,Airhead Female Lead
10377-leh-nangfah,Rich Male Lead
10377-leh-nangfah,Orphan Female Lead
10377-leh-nangfah,Curse
10377-leh-nangfah,Childhood Friends' Relationship
10377-leh-nangfah,Nice Male Lead
10377-leh-nangfah,Revenge (Vote or add tags)
23888-project-s-the-series-spike,Teamwork
23888-project-s-the-series-spike,Volleyball
23888-project-s-the-series-spike,Rivalry
23888-project-s-the-series-spike,Bromance
23888-project-s-the-series-spike,Character Development
23888-project-s-the-series-spike,Enemies To Friends
23888-project-s-the-series-spike,Father-Son Relationship
23888-project-s-the-series-spike,High School
23888-project-s-the-series-spike,Unrequited Love
23888-project-s-the-series-spike,Friends To Enemies (Vote or add tags)
687145-wayla-gam-tay,Heir Male Lead
687145-wayla-gam-tay,Marriage Of Convenience
687145-wayla-gam-tay,Family Secret
687145-wayla-gam-tay,Evil Ex
687145-wayla-gam-tay,Family Conflict
687145-wayla-gam-tay,LGBTQ+
687145-wayla-gam-tay,Love Triangle (Vote or add tags)
33335-jao-gum-nai-wen,Auto Mechanic Male Lead
33335-jao-gum-nai-wen,Heiress Female Lead
33335-jao-gum-nai-wen,Disapproving Parent
33335-jao-gum-nai-wen,Lovers Separated
33335-jao-gum-nai-wen,Time Skip
33335-jao-gum-nai-wen,Poor Male Lead
33335-jao-gum-nai-wen,Innocent Female Lead
33335-jao-gum-nai-wen,Strangers To Lovers
33335-jao-gum-nai-wen,Personality Change
33335-jao-gum-nai-wen,Controlling Parent (Vote or add tags)
61275-lovely-writer,Entertainment Industry
61275-lovely-writer,Social Media
61275-lovely-writer,Cohabitation
61275-lovely-writer,Nice Male Lead
61275-lovely-writer,LGBTQ+
61275-lovely-writer,Adapted From A Novel
61275-lovely-writer,Fan Culture
61275-lovely-writer,Hidden Agenda
61275-lovely-writer,Calm Male Lead
61275-lovely-writer,Friends To Lovers (Vote or add tags)
715929-you-are-my-favorite,LGBTQ+
715929-you-are-my-favorite,Gay Romance
715929-you-are-my-favorite,Time Travel
715929-you-are-my-favorite,Adapted From A Novel
715929-you-are-my-favorite,Poor Man/Rich Man
715929-you-are-my-favorite,Bisexual Male Lead
715929-you-are-my-favorite,Love Triangle
715929-you-are-my-favorite,Gay Male Lead
715929-you-are-my-favorite,Insecure Male Lead
715929-you-are-my-favorite,Time Altering (Vote or add tags)
26461-thong-eak-mor-yah-tah-chaloang,Love Triangle
26461-thong-eak-mor-yah-tah-chaloang,King Rama V
26461-thong-eak-mor-yah-tah-chaloang,Rattanakosin Kingdom
26461-thong-eak-mor-yah-tah-chaloang,Historical Fiction
26461-thong-eak-mor-yah-tah-chaloang,Secondary Couple
26461-thong-eak-mor-yah-tah-chaloang,Sassy Female Lead
26461-thong-eak-mor-yah-tah-chaloang,Smart Male Lead
26461-thong-eak-mor-yah-tah-chaloang,Death
26461-thong-eak-mor-yah-tah-chaloang,Black Magic
26461-thong-eak-mor-yah-tah-chaloang,Male Chases Female First (Vote or add tags)
705281-remember-you,Death
705281-remember-you,Tragic Past
705281-remember-you,Murder
705281-remember-you,Investigation
705281-remember-you,Suspense
705281-remember-you,Multiple Timelines
705281-remember-you,Cold Male Lead
705281-remember-you,Dissociative Amnesia
705281-remember-you,Childhood Acquaintance
705281-remember-you,Slight Romance (Vote or add tags)
31863-blacklist,Secret Organization
31863-blacklist,Multiple Mains
31863-blacklist,High School
31863-blacklist,Investigation
31863-blacklist,Bromance
31863-blacklist,Adapted From A Novel
31863-blacklist,Male Centered Plot
31863-blacklist,Brother-Sister Relationship
31863-blacklist,Smart Male Lead
31863-blacklist,Hidden Identity (Vote or add tags)
23893-nueng-dao-fah-diew,Palace Setting
23893-nueng-dao-fah-diew,Ayutthaya Period
23893-nueng-dao-fah-diew,Historical Fiction
23893-nueng-dao-fah-diew,Spoiled Female Lead
23893-nueng-dao-fah-diew,Strong Male Lead
23893-nueng-dao-fah-diew,Smart Female Lead
23893-nueng-dao-fah-diew,Power Struggle
23893-nueng-dao-fah-diew,Hidden Identity
23893-nueng-dao-fah-diew,Calm Male Lead
23893-nueng-dao-fah-diew,Revenge (Vote or add tags)
725033-hak-lay-my-lady,Searching For A Biological Parent
725033-hak-lay-my-lady,Farmer Male Lead
725033-hak-lay-my-lady,Spoiled Female Lead
725033-hak-lay-my-lady,Enemies To Lovers
725033-hak-lay-my-lady,Investigation (Vote or add tags)
58151-game-prattana,Ex Comes Back
58151-game-prattana,Ex-couple Relationship
58151-game-prattana,Rival Families
58151-game-prattana,Smart Female Lead
58151-game-prattana,Rivals To Lovers
58151-game-prattana,Multiple Mains
58151-game-prattana,Smart Male Lead
58151-game-prattana,Love Square
58151-game-prattana,Strong Female Lead (Vote or add tags)
49993-sleepless-society-khun-fan-luang,Sexual Assault
49993-sleepless-society-khun-fan-luang,Insomnia
49993-sleepless-society-khun-fan-luang,Rape
49993-sleepless-society-khun-fan-luang,Murder
49993-sleepless-society-khun-fan-luang,Gaslighting
49993-sleepless-society-khun-fan-luang,Strong Female Lead
49993-sleepless-society-khun-fan-luang,Sismance
49993-sleepless-society-khun-fan-luang,Investigation
49993-sleepless-society-khun-fan-luang,Suspense
49993-sleepless-society-khun-fan-luang,Death (Vote or add tags)
23397-sampatan-hua-jai,Attempted Murder
23397-sampatan-hua-jai,Strong Male Lead
23397-sampatan-hua-jai,Failing Marriage
23397-sampatan-hua-jai,Nice Female Lead
23397-sampatan-hua-jai,Skinship
23397-sampatan-hua-jai,Nice Male Lead
23397-sampatan-hua-jai,Slow Burn Story
23397-sampatan-hua-jai,Secondary Couple
23397-sampatan-hua-jai,Smart Female Lead
23397-sampatan-hua-jai,Infidelity (Vote or add tags)
16465-u-prince-the-series-the-crazy-artist,Opposites Attract
16465-u-prince-the-series-the-crazy-artist,Nice Male Lead
16465-u-prince-the-series-the-crazy-artist,Contract Relationship
16465-u-prince-the-series-the-crazy-artist,Character Development
16465-u-prince-the-series-the-crazy-artist,Singing
16465-u-prince-the-series-the-crazy-artist,Male Chases Female First
16465-u-prince-the-series-the-crazy-artist,Rock'N'Roll
16465-u-prince-the-series-the-crazy-artist,Web Series
16465-u-prince-the-series-the-crazy-artist,Heartbreak
16465-u-prince-the-series-the-crazy-artist,Adapted From A Novel (Vote or add tags)
19674-ra-rerng-fai,Revenge
19674-ra-rerng-fai,Slap And Kiss
19674-ra-rerng-fai,Enemies To Lovers
19674-ra-rerng-fai,Forced Marriage
19674-ra-rerng-fai,Strong Female Lead
19674-ra-rerng-fai,Mafia
19674-ra-rerng-fai,Controlling  Male Lead
19674-ra-rerng-fai,Aggressive Male Lead
19674-ra-rerng-fai,Adapted From A Novel
19674-ra-rerng-fai,Sexual Assault (Vote or add tags)
715907-vice-versa,Body Swap
715907-vice-versa,Alternate Universe
715907-vice-versa,Hidden Identity
715907-vice-versa,LGBTQ+
715907-vice-versa,Adapted From A Novel
715907-vice-versa,Friends To Lovers
715907-vice-versa,Transmigration
715907-vice-versa,Gay Male Lead
715907-vice-versa,Gay Romance
715907-vice-versa,Friendship (Vote or add tags)
715925-good-old-days,Anthology
715925-good-old-days,Multiple Mains
715925-good-old-days,Chasing A Dream
715925-good-old-days,Regret
715925-good-old-days,Flashback To Past
715925-good-old-days,Antiques
715925-good-old-days,Adapted From A Comic
715925-good-old-days,Multiple Couples
715925-good-old-days,Return To Hometown
715925-good-old-days,Gay Male Lead (Vote or add tags)
51229-tunnel,Time Travel
51229-tunnel,Investigation
51229-tunnel,Suspense
51229-tunnel,Nice Male Lead
51229-tunnel,MDL Remake
51229-tunnel,Detective Fiction
51229-tunnel,Detective Male Lead
51229-tunnel,Serial Killings
51229-tunnel,Death
51229-tunnel,Murder (Vote or add tags)
16667-sotus-the-series,LGBTQ+
16667-sotus-the-series,Hazing
16667-sotus-the-series,Adapted From A Novel
16667-sotus-the-series,Gay Romance
16667-sotus-the-series,Enemies To Lovers
16667-sotus-the-series,Multiple Couples
16667-sotus-the-series,Bisexual Male Lead
16667-sotus-the-series,Cold Man/Warm Man
16667-sotus-the-series,Cold Male Lead
16667-sotus-the-series,Aggressive Male Lead (Vote or add tags)
715897-never-let-me-go,School Setting
715897-never-let-me-go,LGBTQ+
715897-never-let-me-go,High School
715897-never-let-me-go,Bodyguard Male Lead
715897-never-let-me-go,Poor Man/Rich Man
715897-never-let-me-go,Death Of A Father
715897-never-let-me-go,Student Male Lead
715897-never-let-me-go,Gay Romance
715897-never-let-me-go,Friendship
715897-never-let-me-go,Bilingual Male Lead (Vote or add tags)
710409-put-your-head-on-my-shoulder,Smart Male Lead
710409-put-your-head-on-my-shoulder,Cohabitation
710409-put-your-head-on-my-shoulder,Nice Female Lead
710409-put-your-head-on-my-shoulder,Calm Male Lead
710409-put-your-head-on-my-shoulder,Nice Male Lead
710409-put-your-head-on-my-shoulder,Hardworking Female Lead
710409-put-your-head-on-my-shoulder,University
710409-put-your-head-on-my-shoulder,Male Chases Female First
710409-put-your-head-on-my-shoulder,Multiple Couples
710409-put-your-head-on-my-shoulder,Idol Actor (Vote or add tags)
63755-keun-ruk-salub-chata,Body Swap
63755-keun-ruk-salub-chata,Hidden Identity
63755-keun-ruk-salub-chata,Selfish Male Lead
63755-keun-ruk-salub-chata,Nice Female Lead
63755-keun-ruk-salub-chata,Nice Male Lead
63755-keun-ruk-salub-chata,Strong Male Lead
63755-keun-ruk-salub-chata,Multiple Couples
63755-keun-ruk-salub-chata,Attempted Murder
63755-keun-ruk-salub-chata,Love Square
63755-keun-ruk-salub-chata,Strong Female Lead (Vote or add tags)
715805-wiwa-fah-laep,Contract Relationship
715805-wiwa-fah-laep,Hidden Identity
715805-wiwa-fah-laep,Protective Male Lead
715805-wiwa-fah-laep,Fake Relationship
715805-wiwa-fah-laep,Family Feud
715805-wiwa-fah-laep,Attempted Murder
715805-wiwa-fah-laep,Disapproving Parent
715805-wiwa-fah-laep,Scheme
715805-wiwa-fah-laep,Fake Marriage
715805-wiwa-fah-laep,One-night Stand (Vote or add tags)
27598-nee-ruk-nai-krong-fai,Mafia
27598-nee-ruk-nai-krong-fai,Bisexual Character
27598-nee-ruk-nai-krong-fai,Childhood Friends' Relationship
27598-nee-ruk-nai-krong-fai,Protective Male Lead
27598-nee-ruk-nai-krong-fai,Male Lead Saves Female Lead
27598-nee-ruk-nai-krong-fai,LGBTQ+
27598-nee-ruk-nai-krong-fai,Multiple Couples
27598-nee-ruk-nai-krong-fai,Nice Male Lead
27598-nee-ruk-nai-krong-fai,Adapted From A Novel
27598-nee-ruk-nai-krong-fai,Friendship (Vote or add tags)
682583-never-too-late,Multiple Mains
682583-never-too-late,High School
682583-never-too-late,LGBTQ+
682583-never-too-late,Cancer
682583-never-too-late,Becoming Young
682583-never-too-late,Transformation
682583-never-too-late,Student Supporting Character
682583-never-too-late,Student Female Lead
682583-never-too-late,Student Male Lead
682583-never-too-late,School Setting (Vote or add tags)
22722-sotus-s-the-series,LGBTQ+
22722-sotus-s-the-series,Multiple Couples
22722-sotus-s-the-series,Intern Male Lead
22722-sotus-s-the-series,Gay Romance
22722-sotus-s-the-series,Cold Male Lead
22722-sotus-s-the-series,Aggressive Male Lead
22722-sotus-s-the-series,Nice Male Lead
22722-sotus-s-the-series,Student Male Lead
22722-sotus-s-the-series,University
22722-sotus-s-the-series,Hazing (Vote or add tags)
65801-46-wan,Sismance
65801-46-wan,Female Rivalry
65801-46-wan,Nice Male Lead
65801-46-wan,First Love
65801-46-wan,Female Chases Male First
65801-46-wan,Sassy Female Lead
65801-46-wan,Multiple Couples
65801-46-wan,Doctor Male Lead
65801-46-wan,Cheerful Female Lead
65801-46-wan,Childhood Acquaintance (Vote or add tags)
749639-laws-of-attraction,Morally Ambiguous Male Lead
749639-laws-of-attraction,Lawyer Male Lead
749639-laws-of-attraction,Money-Hungry Male Lead
749639-laws-of-attraction,Gay Male Lead
749639-laws-of-attraction,Flirty Male Lead
749639-laws-of-attraction,LGBTQ+
749639-laws-of-attraction,Miniseries
749639-laws-of-attraction,Enemies To Lovers
749639-laws-of-attraction,Politician Supporting Character
749639-laws-of-attraction,Vengeful Male Lead (Vote or add tags)
37259-sapai-import,Forced Marriage
37259-sapai-import,Rich Male Lead
37259-sapai-import,Badass Female Lead
37259-sapai-import,Mother-Son Relationship
37259-sapai-import,Nice Male Lead
37259-sapai-import,Cohabitation
37259-sapai-import,Bickering Mains' Relationship
37259-sapai-import,Farm Setting
37259-sapai-import,Married Life
37259-sapai-import,Sisters' Relationship (Vote or add tags)
31858-dark-blue-kiss,LGBTQ+
31858-dark-blue-kiss,Possessive Male Lead
31858-dark-blue-kiss,Jealousy
31858-dark-blue-kiss,Multiple Couples
31858-dark-blue-kiss,Secret Relationship
31858-dark-blue-kiss,Hardworking Male Lead
31858-dark-blue-kiss,Misunderstanding
31858-dark-blue-kiss,Aggressive Male Lead
31858-dark-blue-kiss,Clingy Male Lead
31858-dark-blue-kiss,Love Triangle (Vote or add tags)
695729-my-lovely-bodyguard,Greed
695729-my-lovely-bodyguard,Bodyguard Female Lead
695729-my-lovely-bodyguard,Rich Male Lead
695729-my-lovely-bodyguard,Attempted Murder
695729-my-lovely-bodyguard,Uncle-Nephew Relationship
695729-my-lovely-bodyguard,Murder
695729-my-lovely-bodyguard,Stuntwoman Female Lead
695729-my-lovely-bodyguard,Gun Violence
695729-my-lovely-bodyguard,Death
695729-my-lovely-bodyguard,Death Of A Sister (Vote or add tags)
13866-piang-chai-khon-nee-mai-chai-poo-wised,Male Chases Female First
13866-piang-chai-khon-nee-mai-chai-poo-wised,Adapted From A Novel
13866-piang-chai-khon-nee-mai-chai-poo-wised,Rich Woman/Poor Man
13866-piang-chai-khon-nee-mai-chai-poo-wised,Nice Male Lead
13866-piang-chai-khon-nee-mai-chai-poo-wised,Spoiled Female Lead
13866-piang-chai-khon-nee-mai-chai-poo-wised,Doctor Male Lead
13866-piang-chai-khon-nee-mai-chai-poo-wised,Supportive Male Lead
13866-piang-chai-khon-nee-mai-chai-poo-wised,Uncle-Niece Relationship
13866-piang-chai-khon-nee-mai-chai-poo-wised,Secondary Couple
13866-piang-chai-khon-nee-mai-chai-poo-wised,Family Relationship (Vote or add tags)
10062-khun-chai-puttipat,Rich Man/Poor Woman
10062-khun-chai-puttipat,Adapted From A Novel
10062-khun-chai-puttipat,Forbidden Love
10062-khun-chai-puttipat,Love At First Sight
10062-khun-chai-puttipat,Male Chases Female First
10062-khun-chai-puttipat,Family Pressure
10062-khun-chai-puttipat,Character Development
10062-khun-chai-puttipat,Rich Male Lead
10062-khun-chai-puttipat,Love Triangle
10062-khun-chai-puttipat,Concubinage (Vote or add tags)
