id,cast
0,Ryeoun
1,Choi Hyun Wook
2,Seol In Ah
3,Shin Eun Soo
4,Kim Joo Ryoung
5,Bong Jae Hyun
6,Lee Je Hoon
7,Tang Jun Sang
8,Hong Seung Hee
9,Jung Suk Yong
10,Jung Young Joo
11,Lee Moon Shik
12,Park Ji Hoon
13,Hong Kyung
14,Kim Su Gyeom
15,Lee Yeon
16,Shin Seung Ho
17,Jo Jung Suk
18,Yoo Yeon Seok
19,Jung Kyung Ho
20,Kim Dae Myung
21,Jeon Mi Do
22,Shin Hyun Been
23,Ryu Seung Ryong
24,Han Hyo Joo
25,Zo In Sung
26,Cha Tae Hyun
27,Ryu Seung Beom
28,Kim Sung Kyun
29,Lee Joon Gi
30,Moon Chae Won
31,Jang Hee Jin
32,Seo Hyun Woo
33,Nam Ki Ae
34,Son Jong Hak
35,Lee Jae Wook
36,Jung So Min
37,Hwang Min Hyun
38,Yoo  Joon Sang
39,Oh Na Ra
40,Lee Hye Ri
41,Go Kyung Pyo
42,Ryu Jun Yeol
43,Park Bo Gum
44,Lee Dong Hwi
45,Sung Dong Il
46,Lee Sun Kyun
47,IU
48,Park Ho San
49,Song Sae Byuk
50,Lee Ji Ah
51,Kim Young Min
52,Kim Hye Soo
53,Kim Hae Sook
54,Choi Won Young
55,Kim Eui Sung
56,Moon Sang Min
57,Ok Ja Yeon
58,Hyun Bin
59,Son Ye Jin
60,Seo Ji Hye
61,Kim Jung Hyun
62,Yang Kyung Won
63,Lee Shin Young
64,Song Hye Kyo
65,Lee Do Hyun
66,Im Ji Yeon
67,Yeom Hye Ran
68,Park Sung Hoon
69,Jung Sung Il
70,Lee Bo Young
71,Heo Yool
72,Lee Hye Young
73,Go Sung Hee
74,Lee Jae Yoon
75,Go Bo Gyeol
76,Shin Hye Sun
77,Bae Jong Ok
78,Kim Tae Woo
79,Jo Yun Hee
80,Park Hae Soo
81,Krystal Jung
82,Im Hwa Young
83,Ye Soo Jung
84,Kim Kyung Nam
85,Han Seok Kyu
86,Lee Sung Kyung
87,Ahn Hyo Seop
88,Kim Joo Heon
89,So Ju Yeon
90,Jin Kyung
91,Kim Soo Hyun
92,Seo Yea Ji
93,Oh Jung Se
94,Park Gyu Young
95,Jang Young Nam
96,Kim Chang Wan
97,Park Eun Bin
98,Kang Tae Oh
99,Kang Ki Young
100,Jeon Bae Soo
101,Baek Ji Won
102,Go Youn Jung
103,Park In Hwan
104,Song Kang
105,Na Moon Hee
106,Kim Tae Hoon
107,Yoon  Ji Hye
108,Song Joong Ki
109,Jeon Yeo Been
110,Ok Taec Yeon
111,Kim Yeo Jin
112,Jo Han Chul
113,Kwak Dong Yeon
114,Jo Jin Woong
115,Kim Won Hae
116,Lee Yoo Joon
117,Jang Hyun Sung
118,Namkoong Min
119,Ahn Eun Jin
120,Lee Hak Joo
121,Lee Da In
122,Kim Yoon Woo
123,Park Kang Sub
124,Seo In Guk
125,Park So Dam
126,Nam Kyung Eup
127,Kim  Mi Kyung
128,Kim Ji Hoon
129,Ra Mi Ran
130,Yoo In Soo
131,Choi Moo Sung
132,Jung Woong In
133,Choi Si Won
134,Ju Ji Hoon
135,Bae Doo Na
136,Kim Sung Gyu
137,Kim  Sang Ho
138,Jun Suk Ho
139,Lee Chung Ah
140,So Yoo Jin
141,Pyo Ye Jin
142,Jang Hyuk Jin
143,Bae Yoo Ram
144,Shin Jae Ha
145,Park Hyung Sik
146,Jo  Woo Jin
147,Lee Joon Hyuk
148,Park Joo Hee
149,Baek Hyun Jin
150,Lee Byung Hun
151,Kim Tae Ri
152,Byun Yo Han
153,Kim Min Jung
154,Kim Gab Soo
155,Kim Hee Sun
156,Rowoon
157,Lee Soo Hyuk
158,Yun Ji On
159,Kim Nu Ri
160,Lee Seung Gi
161,Lee Hee Joon
162,Park Ju Hyun
163,Kyung Soo Jin
164,Woo Ji Hyun
165,Ahn Jae Wook
166,Ji Chang Wook
167,Park Min Young
168,Yoo Ji Tae
169,Park Sang Won
170,Do Ji Won
171,Lee Dong Wook
172,Kim So Yeon
173,Kim Bum
174,Ryu Kyung Soo
175,Kim Yong Ji
176,Hwang Hee
177,Gong Yoo
178,Kim Go Eun
179,Yoo In Na
180,Yook Sung Jae
181,Lee El
182,Cho Seung Woo
183,Yoo Jae Myung
184,Choi Jae Woong
185,Cho Byeong Kyu
186,Kim Se Jeong
187,Ahn Suk Hwan
188,Lee Hong Nae
189,Lee Jun Ho
190,Lee Se Young
191,Kang Hoon
192,Lee Deok Hwa
193,Park Ji Young
194,Nam Joo Hyuk
195,Bona
196,Lee Joo Myung
197,Seo Jae Hee
198,Jung Hae In
199,Koo Kyo Hwan
200,Son Suk Ku
201,Jo Hyun Chul
202,Park Bo Young
203,Yeon Woo Jin
204,Jang Dong Yoon
205,Lee Jung Eun
206,Lee Yi Dam
207,Lee Sang Hee
208,Lee Tae Vin
209,Cha Joo Wan
210,Oh Min Su
211,Cha Woong Ki
212,Joo Boo Jin
213,Go Geon Han
214,Esom
215,Cha Ji Yeon
216,Kim Chan Yi
217,Go Soo
218,Heo Joon Ho
219,Ahn So Hee
220,Ha Joon
221,Kim Dong Hwi
222,Yeom Jung Ah
223,Lee Tae Ran
224,Yoon Se Ah
225,Kim Seo Hyung
226,Jung Joon Ho
227,Cho Hye Jung
228,Lee Joo Young
229,Kim Hye Joon
230,Park Ji Bin
231,Geum Hae Na
232,Jo Han Sun
233,Go Min Si
234,Lee Sang Yi
235,Geum Sae Rok
236,Oh Man Suk
237,Uhm Hyo Sub
238,Shin Dong Wook
239,Go Hyun Jung
240,Kim Hye Ja
241,Go Doo Shim
242,Park Won Sook
243,Youn Yuh Jung
244,Park Sung Woong
245,Go Ah Sung
246,Oh Dae Hwan
247,Noh Jong Hyun
248,Kim Nam Gil
249,Jin Seon Kyu
250,Kim So Jin
251,Lee Dae Yeon
252,Ji Sung
253,Park Jin Young
254,Jeon Chae Eun
255,Kim Jae Kyung
256,Kim Sang Kyung
257,Son Sang Yeon
258,Kim Kang Hoon
259,Shin Ha Kyun
260,Yeo Jin Goo
261,Choi Dae Hoon
262,Kim Shin Rok
263,Choi Sung Eun
264,Choi Jin Ho
265,Jang Dong Gun
266,Kim Ji Won
267,Kim Ok Bin
268,Kim Sung Cheol
269,Bang Chan
270,Felix
271,Hwang Hyun Jin
272,Seo Chang Bin
273,Han
274,Lee Know
275,Park Hae Joon
276,Shin Min Ah
277,Kim Seon Ho
278,In Gyo Jin
279,Lee Bong Ryun
280,Jung Jae Young
281,Jung Yoo Mi
282,Noh Min Woo
283,Kang Seung Hyun
284,Park Jun Gyu
285,Yoo Ah In
286,Kim Myung Min
287,Shin Sae Kyeong
288,Yoon Kyun Sang
289,Chun Ho Jin
290,Kang Ha Neul
291,Hong Jong Hyun
292,Byun Baek Hyun
293,Lee Jin Wook
294,Lee Si Young
295,Kim Nam Hee
296,Bae Suzy
297,Lee Jong Suk
298,Lee Sang Yeob
299,Hwang Young Hee
300,Kim Dong Wook
301,Kim Jae Wook
302,Jung Eun Chae
303,Lee Won Jong
304,Ahn Nae Sang
305,Kim Ji Hyun
306,Ji Jin Hee
307,Kim Ji Soo
308,Shim Hye Jin
309,Eugene
310,Uhm Ki Joon
311,Bong Tae Kyu
312,Shin Eun Kyung
313,Yoon Jong Hoon
314,Han So Hee
315,Park Hee Soon
316,Ahn Bo Hyun
317,Chang Ryul
318,Kwon Yu Ri
319,Oh Chang Seok
320,Uhm Hyun Kyung
321,Jung Dong Gyu
322,Choi  Woo Shik
323,Kim Da Mi
324,Roh Jeong Eui
325,Ahn Dong Goo
326,Park Jin Joo
327,Hwang Jung Eum
328,Park Seo Joon
329,Kim Yoo Ri
330,Oh Min Suk
331,Kim Young Ae
332,Park Ji Hyun
333,Kang Sang Jun
334,Kim Shin Bi
335,Kwak Shi Yang
336,Chae Jung An
337,Choi Hyun Jin
338,Sim Hyun Seo
339,Lee Chan Yoo
340,Kim Min Gue
341,Choi Byung Chan
342,Yang Hye Ji
343,Kim Rae Won
344,Son Ho Jun
345,Gong Seung Yeon
346,Kang Seo Ha
347,Kang Gi Doong
348,Seo Hyun Jin
349,Yang Se Jong
350,Lee Young Ae
351,Hong Ri Na
352,Im Ho
353,Yang  Mi Kyung
354,Kyeon Mi Ri
355,Kim Ha Neul
356,Yoon Sang Hyun
357,Wi Ha Joon
358,Yim Si Wan
359,Lee Sung Min
360,Kang So Ra
361,Park Jong Hwan
362,Lee Joong Ok
363,Cha Seung Won
364,Uhm Jung Hwa
365,Han Ji Min
366,Lim Soo Jung
367,Kim Do Hyun
368,Yoon Kye Sang
369,Yuna
370,Jang Da A
371,Ryu Da In
372,Kang Na Eon
373,Jung Ha Dam
374,Ha Yul Ri
375,Woo Do Hwan
376,Kim Sae Ron
377,Jung Da Eun
378,Jin Goo
379,Lee Seung Joon
380,Seo Jung Yeon
381,Lee Ha Nee
382,Go Jun
383,Jeon Sung Woo
384,Choi Jin Hyuk
385,Yoon Hyun Min
386,Lee Yoo Young
387,Jo Hee Bong
388,Kim Byung Chul
389,Seo Eun Soo
390,Song Geon Hee
391,Shin Jung Keun
392,Bae Hae Seon
393,P.O
394,Jin Ki Joo
395,Lee Won Jung
396,Lee Ji Hyun
397,Lee Kyu Hoe
398,Im Se Mi
399,Cha Rae Hyung
400,Im Sung Jae
401,Bae Myung Jin
